comment,sentiment
相信大家都見到依家街上?文宣少左好多 資訊亦都唔夠新以往大家做文宣?形式係自發同非系統性加上依家做文宣落單好易俾人拉 或者俾藍絲打所以我地呢群人希望將我地一直做?一套野推出去請相信我地係一班專業有經驗?人首先 戴返個頭盔 我地絕對絕對唔會貼文宣或者貼野係街 因為根據公眾?生及市政條例係犯法? 即使我地係網上講要貼文宣都係犯法 OK？大家明白就得 大家都唔好做犯法野首先同大家講一講我地做文宣?四個要點系統性：統一、簡潔、最新及定期地進行地區文宣工作目標性：清晰定立每次行動的目標，達成即散機動性：高效極快速地完全地區文宣工作，避免被捕人數多：以人數達到高效且避免出現單落被攻擊的情況保密性：保密原則優先，避免被捕被襲擊系統性：我地要將自發被動非系統性?文宣工作轉變為主動性系統性?文宣工作。我地會每隔三幾日就揀一?最新?文宣資訊出黎，訂立清晰?框架去每次設定同執行。而且我地要做到統一同資訊?流通，包括一個完整?workflow 實際落手做文宣只係其中一環。我地會用一條完整?value chain去系統性咁做。目標性：每一次行動都會有清晰?計劃同針對個目標，點做、係邊到做、邊個做、做?咩、要幾多人、幾多錢等，成個流程要有清晰?計劃。由於依家好多鬼又好易俾人拉，負責Part A?人唔會同Part B?人接觸到，Part B?人唔會接觸到Part C。最重要係，做完即刻散。咁依期我地會有咩目標要做文宣呢，首先大家要明線下文宣?對象係咩人，係我地呢個同溫層以外?人。三個方向：立法會、警暴、政府。機動性：點解成日有手兄俾人拉俾人打俾人斬，因為唔夠快。就好似黑社會斬人咁，你係條街到俾D仇家見到 人地都要時間吹雞集人。你係佢D人到之前走左，佢仲點斬你？呢Part對於成個行動太重要，所以大家明呢個道理就夠。人數多：承上，大家手就得兩對，點樣可以做得快？一：做少D二：人多好辦事我地選擇後者，但同樣因為太多鬼，我地只會搵可以驗證身份?大學生，而且要一個拉一個。值得一提係我地絕對會捉鬼，唔好睇少我地捉鬼?能力。但要做到系統性咁去做 需要大家真係幫忙。我地講?人多唔係幾廿個人去打仗咁衝出黎，搏拉咩真係。十幾人is enough一個人做要一個鐘，兩個做半個鐘，十個人做五分鐘三分鐘就得。保密性：行動前無人知個計劃，兩個環之間都無需要任何接觸。有人會話我自己印完落街痴都得，係你咁做無問題，我地都支持成效同效率係大家做之前要諗?野一個人做有成效但無效率 一個唔好彩俾人拉埋得不償失加上好多人唔肯真係落手做 咁希望大家可以支持我地或者其他願意落手做?人我地遲D亦都會搞文宣展 希望大家支持最後我地現階段需要三樣野第一：人，大學生 願意一齊繼續為場運動付出 又可以叫得郁身邊朋友?第二：物資：事關我地真係已經好窮，3M噴霧膠 車手 printer 墨水 紙 乜都要第三：錢：都係個句，我地好窮 而且除左文宣我地仲有其他project做緊 serve係錢 黃圈互助工作計劃寫system係錢 個website係錢 印張紙都係錢如果你又唔肯落場，又唔做文宣，又無能力支持我地?，幫手轉發呢篇文出去，幫我地搵D有心人幫手！介紹返我地，我地叫 燕子生命 Swallow Life我地?存在係要起碼做十年 無錯係十年 可以上我地個網了解返 唔係到阻咁多位我地有3大project做緊1. 抗爭十年助學計劃2. 黃圈互助工作計劃3. 文宣全港大行動有興趣可以上我地個網了解多D，捐款捐物資都可以上去暫時比較窮 無錢搞好個website同埋搞payme fps 只係得paypal[url]http://swallowlife.org [/url]聯絡我地：（幫手like個Facebook page同IG thx）Telegram：https://t.me/swallowlifeWhatsApp：+852 9455 8324Instagram：https://www.instagram.com/swallowlifehk/Facebook：https://www.facebook.com/%E7%87%95%E5%AD%90%E7%94%9F%E5%91%BD-Swallow-Life-114575180180030重申多次 要查我地身份好容易 各位手兄唔好搏衰我地 我地唔做犯法野 國安大人警察哥哥唔好拉我地最後係我地?宗旨：?我們希望十年後，當最後一位因暴動而判囚的同伴出獄時，亦有一群人支持他的人生。,0
補返張相 新鮮滾熱辣,1
"借推一下醫護戰線https://lih.kg/1942769
#fight1#dog
#fight1#dog
#fight1#dog",0
自推,1
推,1
"大家唔支持都可以屌下我地
[sosad]",0
#drum#pig#drum#pig#drum#pig,0
?狙擊獅子狗集中討論區?對家越黎越猖狂https://lih.kg/1936402- 分享自 LIHKG 討論區,0
push,1
大家可唔可以幫手like下我地IG同FACEBOOK我地D野推唔到出去,0
P牌推唔郁！樓主區區都做？,0
P牌推唔郁！樓主區區都做？如果人力財力夠係依家我地係周圍走,0
Support,1
"借推一下醫護戰線https://lih.kg/1942769支持 不過兄弟可唔可以幫手like我地?IG同FB
#fight1#dog
#fight1#dog
#fight1#dog",0
"支持
#drum#pig",1
我地有篇文係講學生坐完監出黎條路會有幾難行配合返我地個十年助學計劃希望大家睇下https://www.swallowlife.org/post/%E5%90%8C%E4%BC%B4%E5%80%91%E5%8F%97%E5%88%91%E5%BE%8C%E9%87%8D%E8%BF%94%E6%A0%A1%E5%9C%92%E6%9C%89%E5%B9%BE%E9%9B%A3%EF%BC%9F,0
推,1
推,1
?狙擊獅子狗集中討論區?對家越黎越猖狂https://lih.kg/1936402- 分享自 LIHKG 討論區like左我地FB同IG未呢手兄 幫幫手,0
push,1
"你?而家大概有幾多人啊
#think#lm2",1
顯示 #1,0
"你?而家大概有幾多人啊加埋有時客串下?手足都十幾個
#think#lm2",1
Push,1
"你?而家大概有幾多人啊加埋有時客串下?手足都十幾個一定要大學生呀有冇係新界區度做啊
#think#lm2
#???#lm2",0
"你?而家大概有幾多人啊加埋有時客串下?手足都十幾個一定要大學生呀有冇係新界區度做啊其實唔一定 如果唔夠人做又有資金 都想盡做最大問題係唔夠資金新界係我地大本營 多數都係新東
#think#lm2
#???#lm2",0
[flowerface],1
"顯示更多一定要大學生呀有冇係新界區度做啊其實唔一定 如果唔夠人做又有資金 都想盡做最大問題係唔夠資金新界係我地大本營 多數都係新東多謝你提醒暫時未有人力物力做到咁遠
#???#lm2
[flowerface]",1
?狙擊獅子狗集中討論區?對家越黎越猖狂https://lih.kg/1936402- 分享自 LIHKG 討論區like左我地FB同IG未呢手兄 幫幫手不如你地做埋呢類,0
?狙擊獅子狗集中討論區?對家越黎越猖狂https://lih.kg/1936402- 分享自 LIHKG 討論區like左我地FB同IG未呢手兄 幫幫手不如你地做埋呢類我地資源唔太夠希望集中做左一範先如果遲D資源夠 會嘗試下！,0
推！！,1
支持點樣可以加入你地？,1
支持點樣可以加入你地？多謝兄弟如果想捐錢可以直接上我地網站如果想捐物資或者幫手做文宣可以TG我地https://t.me/swallowlife,1
#drum#pig#drum#pig#drum#pig,0
籌旗出聲,1
籌旗出聲多謝手兄?支持的確我地現階段好需要資金 如果幫到手又認同我地可以上我地網站捐錢https://www.swallowlife.org/多少都好希望大家支持你唔做我唔做 就無人去做幫手like FB IG share俾朋友 幫手推個post上去,1
#hoho##hoho#,1
推呀,1
推呀多謝手兄支持可以幫手LIKE FB IG spread out我地?理念 多謝你有能力?可以支持少少錢,1
"like左我地未
#hoho#
#hoho#
#hoho#",1
HI 呢D post就推唔郁 D無聊post就成個熱門都係,0
"人呢 搵人屌下我老母好無
#hoho#",1
Push,1
推,1
推兄弟食左飯未,1
"推兄弟食左飯未未
#haha#dog",1
#drum#pig#drum#pig#drum#pig,0
"推兄弟食左飯未未9點都黎仲唔食飯？打算食咩
#haha#dog",1
"兄弟咁你食左飯未
#drum#pig
#drum#pig
#drum#pig",0
:-[,0
"顯示更多兄弟食左飯未未9點都黎仲唔食飯？打算食咩未肚餓梗係食黃店啦咁你食?飯未呀
#haha#dog
#haha#dog
#run#dog
#touch#dog",1
推,1
"顯示更多未9點都黎仲唔食飯？打算食咩未肚餓梗係食黃店啦咁你食?飯未呀食左啦呢?時勢唔敢出街食係屋企煮
#haha#dog
#haha#dog
#run#dog
#touch#dog",1
推HI 手兄多謝支持LIKE左我地FB同IG未？,1
"點解係手兄
[sosad]
[sosad]
[sosad]",0
"點解係手兄因為打錯字...
[sosad]
[sosad]
[sosad]",0
"點解係手兄因為打錯字...你好似個個reply 都打錯字喎
[sosad]
[sosad]
[sosad]
[sosad]
[sosad]
[sosad]",0
"顯示更多9點都黎仲唔食飯？打算食咩未肚餓梗係食黃店啦咁你食?飯未呀食左啦呢?時勢唔敢出街食係屋企煮唔想洗野啊買外賣返屋食咪得囉
#haha#dog
#run#dog
#touch#dog
#haha#dog
#touch#dog",0
"點解係手兄因為打錯字...你好似個個reply 都打錯字喎手誤手誤
[sosad]
[sosad]
[sosad]
[sosad]
[sosad]
[sosad]
#kill#lm2",0
"顯示更多因為打錯字...你好似個個reply 都打錯字喎手誤手誤你連個網都打錯字
[sosad]
[sosad]
[sosad]
#kill#lm2
[sosad]
[sosad]
[sosad]",0
"顯示更多未肚餓梗係食黃店啦咁你食?飯未呀食左啦呢?時勢唔敢出街食係屋企煮唔想洗野啊買外賣返屋食咪得囉成日見到?廚房佬唔戴口罩唔係無得逼都盡量係屋企自己煮
#haha#dog
#run#dog
#touch#dog
#haha#dog
#touch#dog
:~(",0
"顯示更多你好似個個reply 都打錯字喎手誤手誤你連個網都打錯字咁撚大劑
[sosad]
[sosad]
[sosad]
#kill#lm2
[sosad]
[sosad]
[sosad]
[sosad]",0
:O,0
同埋坦白講，雖然三個計劃都好值得支持，但始終要實行哂呢三個計劃，錢銀方面唔會係少數目，尤其係助學個方面，反而搵人搵資源做文宣就相對地容易。既然你話好易搵到你地，會唔會考慮私下搵一搵後生??手足（議員e.g Lester 甚至杜文澤）個?幫手做宣傳同endorse ?始終之前太多家長比?仆街呃錢......,0
推！！！,1
推#touch#dog,1
推,1
同埋坦白講，雖然三個計劃都好值得支持，但始終要實行哂呢三個計劃，錢銀方面唔會係少數目，尤其係助學個方面，反而搵人搵資源做文宣就相對地容易。既然你話好易搵到你地，會唔會考慮私下搵一搵後生??手足（議員e.g Lester 甚至杜文澤）個?幫手做宣傳同endorse ?始終之前太多家長比?仆街呃錢......是咁的 助學呢個計劃我地一直有個行之有效?方案做緊 我地呢方面唔需要大家錢銀上支持 我地已經run?好幾年 只係將個重心轉去幫抗爭者我地依家主要r resource做文宣需要?錢銀少好多,0
同埋坦白講，雖然三個計劃都好值得支持，但始終要實行哂呢三個計劃，錢銀方面唔會係少數目，尤其係助學個方面，反而搵人搵資源做文宣就相對地容易。既然你話好易搵到你地，會唔會考慮私下搵一搵後生??手足（議員e.g Lester 甚至杜文澤）個?幫手做宣傳同endorse ?始終之前太多家長比?仆街呃錢......是咁的 助學呢個計劃我地一直有個行之有效?方案做緊 我地呢方面唔需要大家錢銀上支持 我地已經run?好幾年 只係將個重心轉去幫抗爭者我地依家主要r resource做文宣需要?錢銀少好多I see......咁又好?喎有無轉發去其他tg channel?,0
Push,1
我諗你tg開個channel 再同其他channel/ig/fb聯繫下 宣傳?先,1
同埋坦白講，雖然三個計劃都好值得支持，但始終要實行哂呢三個計劃，錢銀方面唔會係少數目，尤其係助學個方面，反而搵人搵資源做文宣就相對地容易。既然你話好易搵到你地，會唔會考慮私下搵一搵後生??手足（議員e.g Lester 甚至杜文澤）個?幫手做宣傳同endorse ?始終之前太多家長比?仆街呃錢......是咁的 助學呢個計劃我地一直有個行之有效?方案做緊 我地呢方面唔需要大家錢銀上支持 我地已經run?好幾年 只係將個重心轉去幫抗爭者我地依家主要r resource做文宣需要?錢銀少好多慢慢做上去！idea構思理念系統都好！唔好咁易放棄！已tg你,0
"同埋坦白講，雖然三個計劃都好值得支持，但始終要實行哂呢三個計劃，錢銀方面唔會係少數目，尤其係助學個方面，反而搵人搵資源做文宣就相對地容易。既然你話好易搵到你地，會唔會考慮私下搵一搵後生??手足（議員e.g Lester 甚至杜文澤）個?幫手做宣傳同endorse ?始終之前太多家長比?仆街呃錢......是咁的 助學呢個計劃我地一直有個行之有效?方案做緊 我地呢方面唔需要大家錢銀上支持 我地已經run?好幾年 只係將個重心轉去幫抗爭者我地依家主要r resource做文宣需要?錢銀少好多I see......咁又好?喎有無轉發去其他tg channel?搵過好多tg admin無人覆本身一直係自己團隊做 無同其他人聯繫所以有?kick
[sosad]",0
推,1
"我諗你tg開個channel 再同其他channel/ig/fb聯繫下 宣傳?先多謝你?意見 一陣開個channel
#yup#",1
同埋坦白講，雖然三個計劃都好值得支持，但始終要實行哂呢三個計劃，錢銀方面唔會係少數目，尤其係助學個方面，反而搵人搵資源做文宣就相對地容易。既然你話好易搵到你地，會唔會考慮私下搵一搵後生??手足（議員e.g Lester 甚至杜文澤）個?幫手做宣傳同endorse ?始終之前太多家長比?仆街呃錢......是咁的 助學呢個計劃我地一直有個行之有效?方案做緊 我地呢方面唔需要大家錢銀上支持 我地已經run?好幾年 只係將個重心轉去幫抗爭者我地依家主要r resource做文宣需要?錢銀少好多慢慢做上去！idea構思理念系統都好！唔好咁易放棄！已tg你多謝兄弟你?支持我地都好希望我地可以將我地套野發大咁做其實做落所需?資金唔係真係咁多,0
推一推,1
O:-),0
"顯示 #1辛苦你?
#good#
#good#",1
"顯示 #1辛苦你?多謝手足支持
#good#
#good#",1
#kill#,0
:P,1
推！,1
push,1
#yup#,1
"兄弟like左Fb IG未
#kill#",0
#:P#dog#:P#dog#:P#dog,0
Push,1
"手足like?fb ig未？
#:P#dog
#:P#dog
#:P#dog
#hehe#",1
:),1
"兄弟like左Fb IG未done
#kill#",0
#hoho##hoho##hoho#,1
推,1
推,1
"兄弟like左Fb IG未done多謝你?支持！
#kill#",0
"手足晚安幫手like ig同fb 會一世平安
:)",1
:),1
"未聽過睇定?先決定課唔課金
#yup#",1
"未聽過睇定?先決定課唔課金未聽過我地唔緊要 肯留言已經係對我地?支持可以幫手like我地ig fb窮有窮做 富有富做 大家一齊加油
#yup#",1
#yup#,1
點解個網站按?捐款冇反應？,0
點解個網站按?捐款冇反應？sorry fix緊個provider有D問題大家可以直接PayPal我地先https://www.paypal.me/swallowlife,0
點解個網站按?捐款冇反應？因為我地岩岩收到第一筆捐款終於有錢可以升級一升級就死左,0
[sosad][sosad][sosad],0
#wine#pig,1
"點解個網站按?捐款冇反應？因為我地岩岩收到第一筆捐款終於有錢可以升級一升級就死左我地用wixwix真係世界級廢唔係講笑
[sosad]
[sosad]
[sosad]",0
btw 我地收到兩位手足?捐款係呢個剛剛起步?階段有人相信我地 認同我地?做法我地真係萬二分感動 希望大家支持我地我地都會盡做所有野大家如果對我地?做法有咩唔信任或者唔明 可以提出問我地好多手足都有tg搵我地問?好多野 我地都一一解答另外所有收到?捐款用?去邊我地都會公佈返出黎希望各位手足都會成為監察我地?機制,1
#hoho#,1
香港人 加油！,1
香港人 加油！大家努力 希望我地?文宣工作可以愈行愈遠 大家係每一區都可以見到我地?文宣,0
"加油有機會?新西小弟實幫手?
#cheerup#dog
#touch#dog
#kill#lm2",0
push,1
"香港人 加油！大家努力 希望我地?文宣工作可以愈行愈遠 大家係每一區都可以見到我地?文宣手足既計劃係講緊10年！一個long term! 一定要勿忘初心，唔好比批鬥撚分化撚中途擊倒！希望不久將來會連大西北都見到！未有工番無得課金！真心想幫手！做哨，落手，車手都可以！
[sosad]",0
"加油有機會?新西小弟實幫手?多謝兄弟支持大西北好遠會盪失路 到時要兄弟帶路
#cheerup#dog
#touch#dog
#kill#lm2
#hoho#",0
"加油有機會?新西小弟實幫手?多謝兄弟支持大西北好遠會盪失路 到時要兄弟帶路好呀實有機會?
#cheerup#dog
#touch#dog
#kill#lm2
#hoho#
#run#dog
#wine#pig",0
"香港人 加油！大家努力 希望我地?文宣工作可以愈行愈遠 大家係每一區都可以見到我地?文宣手足既計劃係講緊10年！一個long term! 一定要勿忘初心，唔好比批鬥撚分化撚中途擊倒！希望不久將來會連大西北都見到！未有工番無得課金！真心想幫手！做哨，落手，車手都可以！我地一日未死都會做落去！希望好快可以做到去大西北
[sosad]",0
#oh#,0
"晚安兄弟
#oh#",1
推,1
推多謝手足支持,1
推推先,1
推,1
#kill#lm2,0
:),1
多謝各位幫手推post 第時綁起班狗 一人一件,0
推,1
#kill#,0
推,1
我地好急須物資同車手 有無手足可以幫到手？麻煩tg我地呀,1
push,1
推,1
"推感激手足咁夜唔訓幫手推po可以幫手like我地ig fb
#cooking#pig
#wine#pig",1
推,1
#hoho#,1
推,1
"顯示更多感激手足咁夜唔訓幫手推po可以幫手like我地ig fb推仲未訓
#cooking#pig
#wine#pig
#hoho#
#touch#dog",0
咁辛苦都冇人推？,0
#kill#lm2,0
#sowhat#pig,0
:),1
#touch#dog,0
pish:),1
#wine#pig,1
#run#dog,0
#drum#pig#drum#pig,0
"顯示 #1夜晚開你好難推贏pr 同五毛
#like#",1
"顯示 #1夜晚開你好難推贏pr 同五毛有咩心得？
#like#",1
"顯示 #1夜晚開你好難推贏pr 同五毛有咩心得？行動post 早少少開唔好做標題黨？另外呢種行動真係建議搵tg channels 幫推
#like#
#yup#",1
"顯示更多夜晚開你好難推贏pr 同五毛有咩心得？行動post 早少少開唔好做標題黨？另外呢種行動真係建議搵tg channels 幫推多謝手足意見我地都有接觸唔同方向?人 希望每個方向都有進展
#like#
#yup#",1
push,1
#drum#pig,0
#hoho##hoho##hoho#,1
幫推?先,1
"幫推?先多謝手足
#hoho#",1
推,1
"推多謝支持
#hoho#",1
要車有車,1
推,1
要車有車感謝手足 方唔方便tg我地,1
推,1
支持到極！ 已share！,1
支持,1
"支持到極！ 已share！多謝手足支持
#hoho#",1
#yup#,1
#yup##yup#,1
推#hoho#,1
#run#dog,0
推 推 推,1
Push,1
顯示 #1Push【立會要初選 「三不投」聯署】- 分享自 LIHKG 討論區：https://lih.kg/1943881聯署facebook專頁：www.facebook.com/legcopetition聯署Link：https://forms.gle/LHAsuA6BQ58kC9RZA,0
推,1
【普及法律】第200章 《刑事罪行條例》- 分享自 LIHKG 討論區https://lih.kg/fjpwbS,0
#hoho##hoho#,1
#hoho##hoho#,1
#hoho##hoho##hoho#,1
推,1
#hoho##hoho##hoho#,1
:),1
:):),1
:),1
"多謝手足支持
:)
#hoho#",1
推,1
#hoho##hoho#,1
"P牌推唔郁照推！
:)",1
"P牌推唔郁照推！多謝你手足 可以share俾朋友
:)
#hoho#",1
推,1
#wine#pig,1
係街見到 拒絕任何破壞法治?行為,1
#yup#,1
推,1
#hoho#,1
#hoho##hoho#,1
#yup#,1
推,1
"推多謝支持
#hoho#",1
行動po冇人推,0
各位手足見無人推就一齊推或者表達下意見！,0
"行動po冇人推係?人成日唔承認運動冷卻事實上就係冷卻? 我地好想繼續努力推返郁成個運動依家?情況係文宣無人做黃色經濟圈推唔起大家唔肯做 連一百幾十都唔支持下?仲做緊?人
:-(
:~(",0
"各位手足見無人推就一齊推或者表達下意見！多謝手足你支持
:~(",0
"行動po冇人推係?人成日唔承認運動冷卻事實上就係冷卻? 我地好想繼續努力推返郁成個運動依家?情況係文宣無人做黃色經濟圈推唔起大家唔肯做 連一百幾十都唔支持下?仲做緊?人係?人成日係度批鬥龍門
:-(
:~(",0
"#drum#pig
#drum#pig
#drum#pig
#drum#pig",0
"行動po冇人推係?人成日唔承認運動冷卻事實上就係冷卻? 我地好想繼續努力推返郁成個運動依家?情況係文宣無人做黃色經濟圈推唔起大家唔肯做 連一百幾十都唔支持下?仲做緊?人係?人成日係度批鬥龍門依家我地?陣營?人走緊向三個方向一 開始唔做野 當世界和平 見到都係鬧兩句繼續生活二 仲有做野 但係開始做到無?個動力三 唔知做乜日日係到分化批鬥 當然好多都係鬼最大問題係好多人已經入?第一條路我絕對唔認同有?人話因為肺炎而大家做唔到野
:-(
:~(",0
"like?ig fb未 手足
#drum#pig
#drum#pig
#drum#pig
#drum#pig
#hoho#
#hoho#
#hoho#
#hoho#",1
"顯示更多係?人成日唔承認運動冷卻事實上就係冷卻? 我地好想繼續努力推返郁成個運動依家?情況係文宣無人做黃色經濟圈推唔起大家唔肯做 連一百幾十都唔支持下?仲做緊?人係?人成日係度批鬥龍門依家我地?陣營?人走緊向三個方向一 開始唔做野 當世界和平 見到都係鬧兩句繼續生活二 仲有做野 但係開始做到無?個動力三 唔知做乜日日係到分化批鬥 當然好多都係鬼最大問題係好多人已經入?第一條路我絕對唔認同有?人話因為肺炎而大家做唔到野就算咩都唔做，起碼都要屌左tvb同東方先
:-(
:~(",0
Push,1
推,1
"顯示更多係?人成日唔承認運動冷卻事實上就係冷卻? 我地好想繼續努力推返郁成個運動依家?情況係文宣無人做黃色經濟圈推唔起大家唔肯做 連一百幾十都唔支持下?仲做緊?人係?人成日係度批鬥龍門依家我地?陣營?人走緊向三個方向一 開始唔做野 當世界和平 見到都係鬧兩句繼續生活二 仲有做野 但係開始做到無?個動力三 唔知做乜日日係到分化批鬥 當然好多都係鬼最大問題係好多人已經入?第一條路我絕對唔認同有?人話因為肺炎而大家做唔到野完全認同！我個半行動po都無人理其實真係好多野可以做到！只係睇有冇心抗疫不忘抗爭！文宣一定要繼續半行為po 覺得疫情阻礙抗爭？覺得無野可以做到？入！https://lih.kg/1941627- 分享自 LIHKG 討論區
:-(
:~(
xx(
[bomb]",0
顯示更多係?人成日係度批鬥龍門依家我地?陣營?人走緊向三個方向一 開始唔做野 當世界和平 見到都係鬧兩句繼續生活二 仲有做野 但係開始做到無?個動力三 唔知做乜日日係到分化批鬥 當然好多都係鬼最大問題係好多人已經入?第一條路我絕對唔認同有?人話因為肺炎而大家做唔到野就算咩都唔做，起碼都要屌左tvb同東方先所以線下?文宣係一樣好重要?事線下文宣可以令大家入返個氛圍到日日見到?文宣 有人提住你仲有好多人做緊野抗爭仲未完 好多手足等緊坐監話俾你知你可以有咩contribution 但依家?線下文宣？唉所以點解我地好想好想重新建立同埋要將一套系統化?文宣出黎執行,0
"顯示更多係?人成日係度批鬥龍門依家我地?陣營?人走緊向三個方向一 開始唔做野 當世界和平 見到都係鬧兩句繼續生活二 仲有做野 但係開始做到無?個動力三 唔知做乜日日係到分化批鬥 當然好多都係鬼最大問題係好多人已經入?第一條路我絕對唔認同有?人話因為肺炎而大家做唔到野完全認同！我個半行動po都無人理其實真係好多野可以做到！只係睇有冇心抗疫不忘抗爭！文宣一定要繼續半行為po 覺得疫情阻礙抗爭？覺得無野可以做到？入！https://lih.kg/1941627- 分享自 LIHKG 討論區日日?膠post就推哂上去好多?人講?無營養?野就幾百like不過手足唔好放棄 共勉之
xx(
[bomb]
:-(",0
"顯示更多依家我地?陣營?人走緊向三個方向一 開始唔做野 當世界和平 見到都係鬧兩句繼續生活二 仲有做野 但係開始做到無?個動力三 唔知做乜日日係到分化批鬥 當然好多都係鬼最大問題係好多人已經入?第一條路我絕對唔認同有?人話因為肺炎而大家做唔到野完全認同！我個半行動po都無人理其實真係好多野可以做到！只係睇有冇心抗疫不忘抗爭！文宣一定要繼續半行為po 覺得疫情阻礙抗爭？覺得無野可以做到？入！https://lih.kg/1941627- 分享自 LIHKG 討論區日日?膠post就推哂上去好多?人講?無營養?野就幾百like不過手足唔好放棄 共勉之膠到有時會問究竟要幾撚無聊?人先會應佢?。。。仲要幾分鐘就上熱門。。。抗爭po就沉晒底香港人 不認命 不低頭對抗極權政府對抗港共警暴
xx(
[bomb]
:-(
[banghead]
[banghead]
[banghead]",0
"顯示更多完全認同！我個半行動po都無人理其實真係好多野可以做到！只係睇有冇心抗疫不忘抗爭！文宣一定要繼續半行為po 覺得疫情阻礙抗爭？覺得無野可以做到？入！https://lih.kg/1941627- 分享自 LIHKG 討論區日日?膠post就推哂上去好多?人講?無營養?野就幾百like不過手足唔好放棄 共勉之膠到有時會問究竟要幾撚無聊?人先會應佢?。。。仲要幾分鐘就上熱門。。。抗爭po就沉晒底香港人 不認命 不低頭對抗極權政府對抗港共警暴真係完全理解唔到上熱門個機制係點運作好少行動post會上到去
xx(
[bomb]
:-(
[banghead]
[banghead]
[banghead]",0
"顯示更多日日?膠post就推哂上去好多?人講?無營養?野就幾百like不過手足唔好放棄 共勉之膠到有時會問究竟要幾撚無聊?人先會應佢?。。。仲要幾分鐘就上熱門。。。抗爭po就沉晒底香港人 不認命 不低頭對抗極權政府對抗港共警暴真係完全理解唔到上熱門個機制係點運作好少行動post會上到去只要多?人投入番少少，理性多少少唔好咁易比對家講兩句就分化到引發罵戰成件事會好唔同
:-(
[banghead]
[banghead]
[banghead]",0
"顯示更多膠到有時會問究竟要幾撚無聊?人先會應佢?。。。仲要幾分鐘就上熱門。。。抗爭po就沉晒底香港人 不認命 不低頭對抗極權政府對抗港共警暴真係完全理解唔到上熱門個機制係點運作好少行動post會上到去只要多?人投入番少少，理性多少少唔好咁易比對家講兩句就分化到引發罵戰成件事會好唔同希望我地做?野有用希望我地?堅持會令到?人醒返
[banghead]
[banghead]
[banghead]",0
"顯示更多真係完全理解唔到上熱門個機制係點運作好少行動post會上到去只要多?人投入番少少，理性多少少唔好咁易比對家講兩句就分化到引發罵戰成件事會好唔同希望我地做?野有用希望我地?堅持會令到?人醒返Amen
#adore#",0
#hoho##hoho#,1
#wine#pig,1
"手足多謝你成日幫手推post
#wine#pig
#diu#lm2",1
"手足多謝你成日幫手推post好小事??有用post 我實幫推?
#wine#pig
#diu#lm2
#haha#dog
#hehe#",1
"手足多謝你成日幫手推post好小事??有用post 我實幫推?感謝你?支持大家都要係自己能力範圍內盡力做
#wine#pig
#diu#lm2
#haha#dog
#hehe#
#hoho#",1
#hoho#,1
"顯示更多手足多謝你成日幫手推post好小事??有用post 我實幫推?感謝你?支持大家都要係自己能力範圍內盡力做點解推唔到上熱門?樓主做緊咩呀
#diu#lm2
#haha#dog
#hehe#
#hoho#
#upset#dog
#touch#dog",1
"顯示更多好小事??有用post 我實幫推?感謝你?支持大家都要係自己能力範圍內盡力做點解推唔到上熱門?樓主做緊咩呀因為太多膠po
#haha#dog
#hehe#
#hoho#
#upset#dog
#touch#dog
#kill2#",0
"顯示更多好小事??有用post 我實幫推?感謝你?支持大家都要係自己能力範圍內盡力做點解推唔到上熱門?樓主做緊咩呀我都好想知點先上到熱門
#haha#dog
#hehe#
#hoho#
#upset#dog
#touch#dog
[sosad]",0
"顯示更多感謝你?支持大家都要係自己能力範圍內盡力做點解推唔到上熱門?樓主做緊咩呀我都好想知點先上到熱門評分唔夠高？
#hoho#
#upset#dog
#touch#dog
[sosad]",0
"顯示更多點解推唔到上熱門?樓主做緊咩呀我都好想知點先上到熱門評分唔夠高？應該因為無咩人回post
#upset#dog
#touch#dog
[sosad]",0
"顯示更多感謝你?支持大家都要係自己能力範圍內盡力做點解推唔到上熱門?樓主做緊咩呀我都好想知點先上到熱門多d人討論
#hoho#
#upset#dog
#touch#dog
[sosad]
#think#lm2",0
"顯示更多點解推唔到上熱門?樓主做緊咩呀我都好想知點先上到熱門多d人討論食?飯未？
#upset#dog
#touch#dog
[sosad]
#think#lm2
#:P#lm2",1
"顯示更多感謝你?支持大家都要係自己能力範圍內盡力做點解推唔到上熱門?樓主做緊咩呀因為太多膠po唉依家成日 鬥黃又批鬥
#hoho#
#upset#dog
#touch#dog
#kill2#
#upset#dog",0
"顯示更多我都好想知點先上到熱門多d人討論食?飯未？梗係未啦
[sosad]
#think#lm2
#:P#lm2
#haha#dog",1
"顯示更多點解推唔到上熱門?樓主做緊咩呀因為太多膠po唉依家成日 鬥黃又批鬥個個覆埋?鳩topic都唔推抗爭po依家我?同盤散沙無分別
#upset#dog
#touch#dog
#kill2#
#upset#dog
#ng#",0
"顯示更多點解推唔到上熱門?樓主做緊咩呀因為太多膠po唉依家成日 鬥黃又批鬥可能要等到立法會選舉前先會活躍返
#upset#dog
#touch#dog
#kill2#
#upset#dog",0
"顯示更多因為太多膠po唉依家成日 鬥黃又批鬥個個覆埋?鳩topic都唔推抗爭po依家我?同盤散沙無分別我自己身邊好多人都已經無再理抗爭最多都係得閒食一餐黃店
#kill2#
#upset#dog
#ng#",0
"顯示更多因為太多膠po唉依家成日 鬥黃又批鬥個個覆埋?鳩topic都唔推抗爭po依家我?同盤散沙無分別咪係囉依家太多分化撚啦藍屍?邊慢慢壯大而我?就?度 捉鬼
#kill2#
#upset#dog
#ng#
#upset#dog
#xx(#lm2
#upset#dog",0
"顯示更多唉依家成日 鬥黃又批鬥個個覆埋?鳩topic都唔推抗爭po依家我?同盤散沙無分別我自己身邊好多人都已經無再理抗爭最多都係得閒食一餐黃店係
#upset#dog
#ng#
:-(
:-(",0
"顯示更多因為太多膠po唉依家成日 鬥黃又批鬥可能要等到立法會選舉前先會活躍返好掛住 十個月前?連登呀?陣時全部都係行動post我地又團結點解而家會變成咁?
#kill2#
#upset#dog
#upset#dog",0
"顯示更多唉依家成日 鬥黃又批鬥個個覆埋?鳩topic都唔推抗爭po依家我?同盤散沙無分別咪係囉依家太多分化撚啦藍屍?邊慢慢壯大而我?就?度 捉鬼其實只要大家理性?，唔鳩理?想引發罵戰既就夠。。。一隻手掌拍唔響
#upset#dog
#ng#
#upset#dog
#xx(#lm2
#upset#dog",0
"顯示更多唉依家成日 鬥黃又批鬥可能要等到立法會選舉前先會活躍返好掛住 十個月前?連登呀?陣時全部都係行動post我地又團結點解而家會變成咁?要用過個新communication channel 防五毛分化狗可能咁樣會好?。。。對家已經入侵左連登
#upset#dog
#upset#dog",0
"顯示更多可能要等到立法會選舉前先會活躍返好掛住 十個月前?連登呀?陣時全部都係行動post我地又團結點解而家會變成咁?要用過個新communication channel 防五毛分化狗可能咁樣會好?。。。對家已經入侵左連登其實依家少?好多人睇連登我身邊好多朋友都唔係成日上其他channel?influence某程度上強過連登但連登最好就係你係到容易接觸到其他人係fb ig tg 呢?好難接觸其他人
#upset#dog",0
"顯示更多個個覆埋?鳩topic都唔推抗爭po依家我?同盤散沙無分別咪係囉依家太多分化撚啦藍屍?邊慢慢壯大而我?就?度 捉鬼其實只要大家理性?，唔鳩理?想引發罵戰既就夠。。。一隻手掌拍唔響只可惜好多人都唔明白呢個道理
#ng#
#upset#dog
#xx(#lm2
#upset#dog",0
推,1
以前成日叫 兄弟爬山 各自努力核爆都唔割而家好似少聽? 依兩句,0
"以前成日叫 兄弟爬山 各自努力核爆都唔割而家好似少聽? 依兩句我成日都叫人盡做尤其是依段時間！唔洗發夢可以有好多其他實際野做
[sosad]
[sosad]
[sosad]",0
"顯示更多咪係囉依家太多分化撚啦藍屍?邊慢慢壯大而我?就?度 捉鬼其實只要大家理性?，唔鳩理?想引發罵戰既就夠。。。一隻手掌拍唔響只可惜好多人都唔明白呢個道理唔知係咪太多中學生
#upset#dog
#xx(#lm2
#upset#dog
?_?",0
"顯示更多其實只要大家理性?，唔鳩理?想引發罵戰既就夠。。。一隻手掌拍唔響只可惜好多人都唔明白呢個道理唔知係咪太多中學生應該唔關事應該只係衝動?
?_?
#think#lm2",0
"顯示更多只可惜好多人都唔明白呢個道理唔知係咪太多中學生應該唔關事應該只係衝動?可以點樣解決依個問題呢？大家Brainstorm?文宣？
?_?
#think#lm2
?_?",0
"以前成日叫 兄弟爬山 各自努力核爆都唔割而家好似少聽? 依兩句因為依家無人出黎?人理都唔理
[sosad]",0
Push,1
"顯示更多只可惜好多人都唔明白呢個道理唔知係咪太多中學生應該唔關事應該只係衝動?太多抹黑中傷 人係好易受影響文宣可以正視聽 同埋將一?value刻畫入個腦到
?_?
#think#lm2",0
"大家要出力推
#drum#pig
#drum#pig
#drum#pig",0
:)#:)#cat,1
"顯示更多唔知係咪太多中學生應該唔關事應該只係衝動?太多抹黑中傷 人係好易受影響文宣可以正視聽 同埋將一?value刻畫入個腦到你?要加油呀唔好放棄呀食?飯未呀
?_?
#think#lm2
#cheerup#dog
#touch#dog",1
剛剛收到一位手足?捐款非常感謝 再次重申一次現時所有捐款都會用作文宣為?令大家知我地有做野 每次都會影張相我地收支都會定期公開 各位手足都可以監督住我地,1
"顯示更多應該唔關事應該只係衝動?太多抹黑中傷 人係好易受影響文宣可以正視聽 同埋將一?value刻畫入個腦到你?要加油呀唔好放棄呀食?飯未呀岩岩食完飯你呢兄弟
#think#lm2
#cheerup#dog
#touch#dog
#touch#lm2",1
"顯示更多太多抹黑中傷 人係好易受影響文宣可以正視聽 同埋將一?value刻畫入個腦到你?要加油呀唔好放棄呀食?飯未呀岩岩食完飯你呢兄弟未食
#cheerup#dog
#touch#dog
#touch#lm2
#haha#dog",1
"顯示更多你?要加油呀唔好放棄呀食?飯未呀岩岩食完飯你呢兄弟未食發覺大家都好似好夜食飯通常我都7點半到8點食
#cheerup#dog
#touch#dog
#touch#lm2
#haha#dog",1
#drum#pig#drum#pig#drum#pig,0
"手足like左FB IG未呢多謝你支持
#drum#pig
#drum#pig
#drum#pig
#hoho#",1
"顯示更多岩岩食完飯你呢兄弟未食發覺大家都好似好夜食飯通常我都7點半到8點食係我特別夜?有冇打開機呀
#touch#lm2
#haha#dog
#haha#dog
#touch#dog",1
"顯示更多未食發覺大家都好似好夜食飯通常我都7點半到8點食係我特別夜?有冇打開機呀比較少 會打PS4 通常打fifa
#haha#dog
#haha#dog
#touch#dog",1
"顯示更多發覺大家都好似好夜食飯通常我都7點半到8點食係我特別夜?有冇打開機呀比較少 會打PS4 通常打fifa咁有冇打 PES 呀
#haha#dog
#touch#dog
#touch#dog",1
#kill#lm2,0
"顯示更多係我特別夜?有冇打開機呀比較少 會打PS4 通常打fifa咁有冇打 PES 呀無呀 因為我唔係太好打機睇書多
#haha#dog
#touch#dog
#touch#dog
[sosad]",0
push#hoho#,1
"顯示更多比較少 會打PS4 通常打fifa咁有冇打 PES 呀無呀 因為我唔係太好打機睇書多鍾意睇咩類型?書呀有冇?故台到睇故啊
#touch#dog
[sosad]
#touch#dog
#wine#pig",1
"顯示更多咁有冇打 PES 呀無呀 因為我唔係太好打機睇書多鍾意睇咩類型?書呀有冇?故台到睇故啊鐘意睇D關於marketing?書岩岩係台灣訂左本關於experiential marketing黎香港就到
#touch#dog
[sosad]
#touch#dog
#wine#pig
#diu#lm2",0
"顯示更多無呀 因為我唔係太好打機睇書多鍾意睇咩類型?書呀有冇?故台到睇故啊鐘意睇D關於marketing?書岩岩係台灣訂左本關於experiential marketing黎香港就到估唔到你鍾意睇依?書喎好學術性呀本書叫咩名啊我鐘意 推理小說選擇故??
[sosad]
#touch#dog
#wine#pig
#diu#lm2
#haha#dog
#wine#pig
#hehe#pig
#touch#dog",1
"有無做開尖啊
#hoho#
#hoho#
#hoho#",1
"顯示更多鍾意睇咩類型?書呀有冇?故台到睇故啊鐘意睇D關於marketing?書岩岩係台灣訂左本關於experiential marketing黎香港就到估唔到你鍾意睇依?書喎好學術性呀本書叫咩名啊我鐘意 推理小說選擇故??好似叫不賣東西賣體驗本身係誠品見到想買 但佢最後一本擺係架?廢事啦 咁污糟
#touch#dog
#wine#pig
#diu#lm2
#haha#dog
#wine#pig
#hehe#pig
#touch#dog",1
"有無做開尖啊呢D時期唔好去gym room喇師兄
#hoho#
#hoho#
#hoho#
[sosad]",0
O:-),1
O:-),1
"多謝師兄幫手推
O:-)
#hoho#",1
O:-),1
"顯示更多鐘意睇D關於marketing?書岩岩係台灣訂左本關於experiential marketing黎香港就到估唔到你鍾意睇依?書喎好學術性呀本書叫咩名啊我鐘意 推理小說選擇故??好似叫不賣東西賣體驗本身係誠品見到想買 但佢最後一本擺係架?廢事啦 咁污糟有冇書推介呀
#diu#lm2
#haha#dog
#wine#pig
#hehe#pig
#touch#dog
#touch#dog",1
"顯示更多估唔到你鍾意睇依?書喎好學術性呀本書叫咩名啊我鐘意 推理小說選擇故??好似叫不賣東西賣體驗本身係誠品見到想買 但佢最後一本擺係架?廢事啦 咁污糟有冇書推介呀如果你鐘意推理小說我又無睇呢方面都話唔到俾你聽不過可以得閒出去睇下 睇多?書對個人好有益可以培養到諗野個方式
#haha#dog
#wine#pig
#hehe#pig
#touch#dog
#touch#dog
#play#pig
#cooking#pig",1
#good#,1
Push,1
"顯示更多好似叫不賣東西賣體驗本身係誠品見到想買 但佢最後一本擺係架?廢事啦 咁污糟有冇書推介呀如果你鐘意推理小說我又無睇呢方面都話唔到俾你聽不過可以得閒出去睇下 睇多?書對個人好有益可以培養到諗野個方式我都幾鍾意 ?故台到睇故有d故都幾正??
#touch#dog
#play#pig
#cooking#pig
#wet#dog",1
"顯示更多有冇書推介呀如果你鐘意推理小說我又無睇呢方面都話唔到俾你聽不過可以得閒出去睇下 睇多?書對個人好有益可以培養到諗野個方式我都幾鍾意 ?故台到睇故有d故都幾正??以前高登年代就成日睇依家都無睇有咩故好介紹？之前有個FD話有個故講條女成家變蛋好睇
#touch#dog
#play#pig
#cooking#pig
#wet#dog",1
#bye#lm2#bye#lm2#bye#lm2,0
"#bye#lm2
#bye#lm2
#bye#lm2
#wine#pig
#wine#pig
#wine#pig
#wine#pig",1
"#hoho#
#hoho#
#hoho#
#hoho#",1
推,1
xx(,0
"#yup#
#yup#
#yup#
#yup#
#yup#
#yup#",1
#bye#,0
#clap#pig,1
"#clap#pig
#hoho#
#hoho#
#hoho#
#hoho#
#hoho#
#hoho#
#hoho#",1
Push,1
"顯示更多如果你鐘意推理小說我又無睇呢方面都話唔到俾你聽不過可以得閒出去睇下 睇多?書對個人好有益可以培養到諗野個方式我都幾鍾意 ?故台到睇故有d故都幾正??以前高登年代就成日睇依家都無睇有咩故好介紹？之前有個FD話有個故講條女成家變蛋好睇鍾唔鍾意睇 武俠小說夢盡荒唐 ? 皇極廿一器 都幾好睇滄海肥豬 ? 再一次抗爭 都好正雖然係選擇故 但係佢寫得好好? 好用心寫仲作?幾首詩添薯皮 ? 野味小精靈個設定好得意 講比卡超 變做野味 倖存 井上蛙 ? 幾個故 都幾好睇?女友變蛋 我未睇過啊不過墨? 寫?故 唔會差得去邊啦
#play#pig
#cooking#pig
#wet#dog
#haha#dog",1
Push多謝手足支持 可以幫手like FB IG呀,1
"顯示更多我都幾鍾意 ?故台到睇故有d故都幾正??以前高登年代就成日睇依家都無睇有咩故好介紹？之前有個FD話有個故講條女成家變蛋好睇鍾唔鍾意睇 武俠小說夢盡荒唐 ? 皇極廿一器 都幾好睇滄海肥豬 ? 再一次抗爭 都好正雖然係選擇故 但係佢寫得好好? 好用心寫仲作?幾首詩添薯皮 ? 野味小精靈個設定好得意 講比卡超 變做野味 倖存 井上蛙 ? 幾個故 都幾好睇?女友變蛋 我未睇過啊不過墨? 寫?故 唔會差得去邊啦武俠以前都成日睇以前有一期成日D大陸小說見你講個本皇極廿一器D setting有D似大陸小說但一睇小說開左個頭就會停唔到 用好多時間
#wet#dog
#haha#dog
[sosad]",0
"顯示更多以前高登年代就成日睇依家都無睇有咩故好介紹？之前有個FD話有個故講條女成家變蛋好睇鍾唔鍾意睇 武俠小說夢盡荒唐 ? 皇極廿一器 都幾好睇滄海肥豬 ? 再一次抗爭 都好正雖然係選擇故 但係佢寫得好好? 好用心寫仲作?幾首詩添薯皮 ? 野味小精靈個設定好得意 講比卡超 變做野味 倖存 井上蛙 ? 幾個故 都幾好睇?女友變蛋 我未睇過啊不過墨? 寫?故 唔會差得去邊啦武俠以前都成日睇以前有一期成日D大陸小說見你講個本皇極廿一器D setting有D似大陸小說但一睇小說開左個頭就會停唔到 用好多時間你都有睇係呀所以我成日追佢?出故?
#haha#dog
[sosad]
#think#lm2
#haha#dog",1
"有無做開尖啊呢D時期唔好去gym room喇師兄Home workout
#hoho#
#hoho#
#hoho#
[sosad]
#diu#lm2",0
"有無做開尖啊呢D時期唔好去gym room喇師兄Home workout
#hoho#
#hoho#
#hoho#
[sosad]
#diu#lm2
#diu#lm2
#diu#lm2
#diu#lm2
#jable#lm2
#jable#lm2
#jable#lm2",1
"有無做開尖啊呢D時期唔好去gym room喇師兄Home workout 舉下啞鈴 push up
#hoho#
#hoho#
#hoho#
[sosad]
#diu#lm2",0
"有無做開尖啊呢D時期唔好去gym room喇師兄Home workout 等緊全民勇武雖然我知無可能
#hoho#
#hoho#
#hoho#
[sosad]
#diu#lm2
#whip#pig
[sosad]",0
"顯示更多呢D時期唔好去gym room喇師兄Home workout 舉下啞鈴 push upSquat 一定要！下盤好重要
[sosad]
#diu#lm2
#yup#",1
"顯示更多呢D時期唔好去gym room喇師兄Home workout 等緊全民勇武雖然我知無可能如果23條前都做唔到咁以後都唔洗再做
[sosad]
#diu#lm2
#whip#pig
[sosad]",0
"顯示更多Home workout 舉下啞鈴 push upSquat 一定要！下盤好重要Squat 好撚?
#diu#lm2
#yup#
[sosad]",0
721 831,0
Push,1
"顯示更多舉下啞鈴 push upSquat 一定要！下盤好重要Squat 好撚?唔通你?係大隻仔
#yup#
[sosad]
#@_@#dog",0
"顯示更多舉下啞鈴 push upSquat 一定要！下盤好重要Squat 好撚?No pain no gain 利申健身教練 正常非咸濕個隻
#yup#
[sosad]
#whip#pig
#kill2#",0
"顯示更多Squat 一定要！下盤好重要Squat 好撚?唔通你?係大隻仔高峰期80kg 4% body fat依加傷左，抖緊
#yup#
[sosad]
#@_@#dog
[sosad]
[sosad]
[sosad]
[sosad]",0
Push,1
"顯示更多Squat 一定要！下盤好重要Squat 好撚?唔通你?係大隻仔點都要做下?健身 舉下鐵D身型好睇D
#yup#
[sosad]
#@_@#dog",0
"顯示更多Squat 一定要！下盤好重要Squat 好撚?No pain no gain 利申健身教練 正常非咸濕個隻兄弟點解你要利申自己係非咸濕好似有D經驗咁
#yup#
[sosad]
#whip#pig
#kill2#",0
"顯示更多舉下啞鈴 push upSquat 一定要！下盤好重要Squat 好撚?Body weight squat 4 set 15 reps 跑都跑得快?有力?！腳好緊要嫁！
#yup#
[sosad]
#kill#
#kill#
#kill#",0
"顯示更多Squat 好撚?No pain no gain 利申健身教練 正常非咸濕個隻兄弟點解你要利申自己係非咸濕好似有D經驗咁因為香港健身industry個朵臭晒
[sosad]
#whip#pig
#kill2#
[sosad]",0
Push,1
"顯示更多No pain no gain 利申健身教練 正常非咸濕個隻兄弟點解你要利申自己係非咸濕好似有D經驗咁因為香港健身industry個朵臭晒都真係好臭又呃錢又剩但做教練都真係搵到錢
#whip#pig
#kill2#
[sosad]",0
"顯示更多Squat 好撚?唔通你?係大隻仔點都要做下?健身 舉下鐵D身型好睇D算啦我太潺啦做完你呢?運動 應該得返半條人命咋打機?手部運動 算唔算運動啊
[sosad]
#@_@#dog
#haha#dog
#hehe#",1
"手足like左FB IG未呢多謝你支持已like
#drum#pig
#drum#pig
#drum#pig
#hoho#
#hoho#",1
"顯示更多Squat 好撚?唔通你?係大隻仔高峰期80kg 4% body fat依加傷左，抖緊咁勁你師父係咪 胡力威呀
[sosad]
#@_@#dog
[sosad]
[sosad]
[sosad]
[sosad]
#adore#lm2
#haha#dog",1
五大訴求，缺一不可,0
推,1
"顯示更多Squat 好撚?唔通你?係大隻仔高峰期80kg 4% body fat依加傷左，抖緊4%
[sosad]
#@_@#dog
[sosad]
[sosad]
[sosad]
[sosad]
[shocking]
[shocking]
[shocking]",0
"顯示更多唔通你?係大隻仔點都要做下?健身 舉下鐵D身型好睇D算啦我太潺啦做完你呢?運動 應該得返半條人命咋打機?手部運動 算唔算運動啊呢期見有個鬼妹好出名好似叫melody marks
#@_@#dog
#haha#dog
#hehe#",1
五大訴求，缺一不可香港人 反抗,0
"支持
O:-)",1
"支持thanks bro 幫手like FB IG呀
O:-)",1
Push,1
"顯示更多點都要做下?健身 舉下鐵D身型好睇D算啦我太潺啦做完你呢?運動 應該得返半條人命咋打機?手部運動 算唔算運動啊呢期見有個鬼妹好出名好似叫melody marks係呀有聽過?
#haha#dog
#hehe#
#hehe#",1
push,1
"顯示更多算啦我太潺啦做完你呢?運動 應該得返半條人命咋打機?手部運動 算唔算運動啊呢期見有個鬼妹好出名好似叫melody marks係呀有聽過?未睇過步兵定騎兵？
#haha#dog
#hehe#
#hehe#",1
"push多謝手足支持 like左FB IG未呀
#bye#lm2",1
pushpush,1
"顯示更多呢期見有個鬼妹好出名好似叫melody marks係呀有聽過?未睇過步兵定騎兵？?度講埋?咁??得唔得?
#hehe#
#haha#dog",1
"顯示更多係呀有聽過?未睇過步兵定騎兵？?度講埋?咁??得唔得?無事?出火還出火 打仗還打仗兩回事黎
#hehe#
#haha#dog",1
推！,1
"推！thanks 手足 like左IG FB未呢
#wet#lm2",1
會課金幫你推,1
"顯示更多未睇過步兵定騎兵？?度講埋?咁??得唔得?無事?出火還出火 打仗還打仗兩回事黎步兵咁你有冇睇啊
#haha#dog
#haha#dog
#hehe#",1
會課金幫你推多謝手足支持同信任！,1
"顯示更多?度講埋?咁??得唔得?無事?出火還出火 打仗還打仗兩回事黎步兵咁你有冇睇啊屌步兵就真係要睇下
#haha#dog
#haha#dog
#hehe#
[sosad]",0
顯示 #1師兄想問想幫手係咪直接搵你地就得（文宣）,1
顯示 #1師兄想問想幫手係咪直接搵你地就得（文宣）無錯TG聯絡我地再講,1
顯示 #1師兄想問想幫手係咪直接搵你地就得（文宣）第一頁有我地TG,1
push,1
推,1
"顯示更多兄弟點解你要利申自己係非咸濕好似有D經驗咁因為香港健身industry個朵臭晒都真係好臭又呃錢又剩但做教練都真係搵到錢?唔?到錢唔敢講！岩岩外國番黎幾個月未settle!!不過我最想推廣一個概念就係如果你想改變，我一定幫到你我呃你幾多錢，你自己唔落苦工我都係廢鳩一條所以如果你唔係有心變既，恕我幫你唔到
[sosad]",0
Push!,1
"顯示更多唔通你?係大隻仔點都要做下?健身 舉下鐵D身型好睇D算啦我太潺啦做完你呢?運動 應該得返半條人命咋打機?手部運動 算唔算運動啊人會慢慢進步既一開始輕kan?，慢慢等身體適應下
#@_@#dog
#haha#dog
#hehe#
#good#",1
"顯示更多唔通你?係大隻仔高峰期80kg 4% body fat依加傷左，抖緊咁勁你師父係咪 胡力威呀我師傅係俄羅斯大隻佬
#@_@#dog
[sosad]
[sosad]
[sosad]
[sosad]
#adore#lm2
#haha#dog
#whip#pig",1
推,1
#drum#pig,0
"顯示更多點都要做下?健身 舉下鐵D身型好睇D算啦我太潺啦做完你呢?運動 應該得返半條人命咋打機?手部運動 算唔算運動啊人會慢慢進步既一開始輕kan?，慢慢等身體適應下盡力啦最大原因係我懶咋
#haha#dog
#hehe#
#good#
#haha#dog
#haha#dog",1
"顯示更多因為香港健身industry個朵臭晒都真係好臭又呃錢又剩但做教練都真係搵到錢?唔?到錢唔敢講！岩岩外國番黎幾個月未settle!!不過我最想推廣一個概念就係如果你想改變，我一定幫到你我呃你幾多錢，你自己唔落苦工我都係廢鳩一條所以如果你唔係有心變既，恕我幫你唔到巴打都係有理想?人 好欣賞要make change真係self-driven
[sosad]",0
"顯示更多算啦我太潺啦做完你呢?運動 應該得返半條人命咋打機?手部運動 算唔算運動啊人會慢慢進步既一開始輕kan?，慢慢等身體適應下盡力啦最大原因係我懶咋盡做兄弟爬山！各自努力！
#haha#dog
#hehe#
#good#
#haha#dog
#haha#dog
#yup#
#yup#
#yup#
#yup#",1
推,1
"顯示更多高峰期80kg 4% body fat依加傷左，抖緊咁勁你師父係咪 胡力威呀我師傅係俄羅斯大隻佬D鬼天生個骨架好大 肌肉又多操兩操已經好橫睇落大隻
[sosad]
[sosad]
[sosad]
[sosad]
#adore#lm2
#haha#dog
#whip#pig",1
"推多謝手足支持like左FB同IG未呢！
#touch#lm2",1
"多謝手足支持like左FB同IG未呢！
#drum#pig
#touch#lm2",1
"顯示更多高峰期80kg 4% body fat依加傷左，抖緊咁勁你師父係咪 胡力威呀我師傅係俄羅斯大隻佬夠唔夠我 師傅大隻呀我師傅好勁?佢?精 氣 神你學一世都學唔到佢一成啊
[sosad]
[sosad]
[sosad]
[sosad]
#adore#lm2
#haha#dog
#whip#pig
#:)#dog
#haha#dog",1
"推多謝手足支持like左FB同IG未呢！like 左，like 埋右
#touch#lm2",1
"顯示更多都真係好臭又呃錢又剩但做教練都真係搵到錢?唔?到錢唔敢講！岩岩外國番黎幾個月未settle!!不過我最想推廣一個概念就係如果你想改變，我一定幫到你我呃你幾多錢，你自己唔落苦工我都係廢鳩一條所以如果你唔係有心變既，恕我幫你唔到巴打都係有理想?人 好欣賞要make change真係self-driven我唔係?咩精英中既精英，可以有能力改變香港既命運但係我想我地第時既香港，可以有番?失去左既人情味我地將來既香港需要既唔係利益行頭既人係真係一?有心為人為香港做事既人我地依一代90後00後要齊心努力
xx(
[sosad]
[sosad]
[sosad]",0
"顯示更多咁勁你師父係咪 胡力威呀我師傅係俄羅斯大隻佬夠唔夠我 師傅大隻呀我師傅好勁?佢?精 氣 神你學一世都學唔到佢一成啊比?掙扎
#adore#lm2
#haha#dog
#whip#pig
#:)#dog
#haha#dog
#kill2#
#kill2#",0
"顯示更多咁勁你師父係咪 胡力威呀我師傅係俄羅斯大隻佬D鬼天生個骨架好大 肌肉又多操兩操已經好橫睇落大隻係！天生條件好後天努力都好緊要
#adore#lm2
#haha#dog
#whip#pig
[sosad]
#hoho#",1
支持手足！要俾多?愛同路人,1
推,1
推:~(,1
推,1
"顯示更多?唔?到錢唔敢講！岩岩外國番黎幾個月未settle!!不過我最想推廣一個概念就係如果你想改變，我一定幫到你我呃你幾多錢，你自己唔落苦工我都係廢鳩一條所以如果你唔係有心變既，恕我幫你唔到巴打都係有理想?人 好欣賞要make change真係self-driven我唔係?咩精英中既精英，可以有能力改變香港既命運但係我想我地第時既香港，可以有番?失去左既人情味我地將來既香港需要既唔係利益行頭既人係真係一?有心為人為香港做事既人我地依一代90後00後要齊心努力agree 我係歐洲生活過好享受係歐洲人同人之間個種無隔膜所有人都係朋友 好無私 好有人情味返到香港好想將呢套野推出去但香港人真係太冷漠
xx(
[sosad]
[sosad]
[sosad]",0
"支持手足！要俾多?愛同路人多謝支持 like?FB IG未呀
#hoho#",1
推thanks bro like左IG FB未呢,1
"推thanks bro like左FB IG未呢
:~(",1
"顯示更多巴打都係有理想?人 好欣賞要make change真係self-driven我唔係?咩精英中既精英，可以有能力改變香港既命運但係我想我地第時既香港，可以有番?失去左既人情味我地將來既香港需要既唔係利益行頭既人係真係一?有心為人為香港做事既人我地依一代90後00後要齊心努力agree 我係歐洲生活過好享受係歐洲人同人之間個種無隔膜所有人都係朋友 好無私 好有人情味返到香港好想將呢套野推出去但香港人真係太冷漠去讀書呀
xx(
[sosad]
[sosad]
[sosad]
#think#lm2",0
"顯示更多巴打都係有理想?人 好欣賞要make change真係self-driven我唔係?咩精英中既精英，可以有能力改變香港既命運但係我想我地第時既香港，可以有番?失去左既人情味我地將來既香港需要既唔係利益行頭既人係真係一?有心為人為香港做事既人我地依一代90後00後要齊心努力agree 我係歐洲生活過好享受係歐洲人同人之間個種無隔膜所有人都係朋友 好無私 好有人情味返到香港好想將呢套野推出去但香港人真係太冷漠中晒！就係想將依套apply落香港人到。。。但係一出街個個系口系面，對你點頭笑，以為我傻仔咁
xx(
[sosad]
[sosad]
[sosad]
[banghead]",0
"顯示更多我唔係?咩精英中既精英，可以有能力改變香港既命運但係我想我地第時既香港，可以有番?失去左既人情味我地將來既香港需要既唔係利益行頭既人係真係一?有心為人為香港做事既人我地依一代90後00後要齊心努力agree 我係歐洲生活過好享受係歐洲人同人之間個種無隔膜所有人都係朋友 好無私 好有人情味返到香港好想將呢套野推出去但香港人真係太冷漠去讀書呀係呀 但真係無啖好食
xx(
[sosad]
[sosad]
[sosad]
#think#lm2",0
"顯示更多我唔係?咩精英中既精英，可以有能力改變香港既命運但係我想我地第時既香港，可以有番?失去左既人情味我地將來既香港需要既唔係利益行頭既人係真係一?有心為人為香港做事既人我地依一代90後00後要齊心努力agree 我係歐洲生活過好享受係歐洲人同人之間個種無隔膜所有人都係朋友 好無私 好有人情味返到香港好想將呢套野推出去但香港人真係太冷漠中晒！就係想將依套apply落香港人到。。。但係一出街個個系口系面，對你點頭笑，以為我傻仔咁係... D人真係當你ON9我同樓下個看更打個招呼佢都唔俾反應
xx(
[sosad]
[sosad]
[sosad]
[banghead]",0
Push,1
"推thanks bro like左FB IG未呢岩岩睇左你篇ig文！之前玩開噴漆依加想轉行做貼紙師你有冇?咩idea for palm size label? 純文字or圖？or both? 有無?sample可以參考/借黎print
:~(
#hoho#",1
"顯示更多agree 我係歐洲生活過好享受係歐洲人同人之間個種無隔膜所有人都係朋友 好無私 好有人情味返到香港好想將呢套野推出去但香港人真係太冷漠去讀書呀係呀 但真係無啖好食西人對食無要求
#think#lm2
xx(",1
推,1
Push,1
Push,1
up,1
:),1
"顯示更多agree 我係歐洲生活過好享受係歐洲人同人之間個種無隔膜所有人都係朋友 好無私 好有人情味返到香港好想將呢套野推出去但香港人真係太冷漠中晒！就係想將依套apply落香港人到。。。但係一出街個個系口系面，對你點頭笑，以為我傻仔咁係... D人真係當你ON9我同樓下個看更打個招呼佢都唔俾反應新年?時候 先會主動同你打招呼
[banghead]
[sosad]",0
#drum#pig,0
Push,1
up,1
"推thanks bro like左FB IG未呢岩岩睇左你篇ig文！之前玩開噴漆依加想轉行做貼紙師你有冇?咩idea for palm size label? 純文字or圖？or both? 有無?sample可以參考/借黎print 首先我地唔encourage犯法?行為貼街招係犯法? 網上討論點樣貼都係犯法?有時你見到我地PO出黎只係路過影低 見幾得意不過我見好多都係A4紙入面有兩張文宣圖黎應該似係D文宣group到勾出黎
:~(
#hoho#",1
Push,1
Push,1
Push,1
"顯示更多agree 我係歐洲生活過好享受係歐洲人同人之間個種無隔膜所有人都係朋友 好無私 好有人情味返到香港好想將呢套野推出去但香港人真係太冷漠去讀書呀係呀 但真係無啖好食咁慘食唔慣呀
#think#lm2
#cry#dog
#upset#dog",0
"顯示更多thanks bro like左FB IG未呢岩岩睇左你篇ig文！之前玩開噴漆依加想轉行做貼紙師你有冇?咩idea for palm size label? 純文字or圖？or both? 有無?sample可以參考/借黎print 首先我地唔encourage犯法?行為貼街招係犯法? 網上討論點樣貼都係犯法?有時你見到我地PO出黎只係路過影低 見幾得意不過我見好多都係A4紙入面有兩張文宣圖黎應該似係D文宣group到勾出黎犯法唔好既！會比人拉架！之前有冇影過?咩靚靚sticker
#hoho#
#kill#pig
#kill#pig
#kill#pig
#lick#lm2",0
好多時係d文宣用一個禮拜就唔用例如之前有黨史系列，一個禮拜已經唔見哂，大家又發明返d新文宣出黎希望可以重用多d,0
"Push多謝手足支持 like?FB同IG未呢
#touch#lm2",1
"推多謝手足支持 like?FB同IG未呢
#touch#lm2",1
"Push多謝手足支持 like?FB同IG未呢
#touch#lm2",1
"up多謝手足支持 like?FB同IG未呢
#touch#lm2",1
"顯示更多去讀書呀係呀 但真係無啖好食咁慘食唔慣呀經常自已煮 有時去China town 但都唔好食不過係London?China town仲出色過香港
#think#lm2
#cry#dog
#upset#dog",0
Push,1
"顯示更多岩岩睇左你篇ig文！之前玩開噴漆依加想轉行做貼紙師你有冇?咩idea for palm size label? 純文字or圖？or both? 有無?sample可以參考/借黎print 首先我地唔encourage犯法?行為貼街招係犯法? 網上討論點樣貼都係犯法?有時你見到我地PO出黎只係路過影低 見幾得意不過我見好多都係A4紙入面有兩張文宣圖黎應該似係D文宣group到勾出黎犯法唔好既！會比人拉架！之前有冇影過?咩靚靚sticker 噴漆呢?真係會衰 小心? 遲D會share多D相出黎如果唔係我地得個idea無野support都無人信
#hoho#
#kill#pig
#kill#pig
#kill#pig
#lick#lm2",0
推,1
推,1
"顯示更多首先我地唔encourage犯法?行為貼街招係犯法? 網上討論點樣貼都係犯法?有時你見到我地PO出黎只係路過影低 見幾得意不過我見好多都係A4紙入面有兩張文宣圖黎應該似係D文宣group到勾出黎犯法唔好既！會比人拉架！之前有冇影過?咩靚靚sticker 噴漆呢?真係會衰 小心? 遲D會share多D相出黎如果唔係我地得個idea無野support都無人信個夢境係通常兩三點去天橋幫佢化妝。。。無哨所以先想轉行加上上次個夢係一出去就幾架狗車著曬燈唔知咩事。。。即走
#kill#pig
#kill#pig
#kill#pig
#lick#lm2
#xx(#lm2",0
"多謝手足支持like左FB同IG未呢！liked 加油
#drum#pig
#touch#lm2
#good#lm2",1
"顯示更多係呀 但真係無啖好食咁慘食唔慣呀經常自已煮 有時去China town 但都唔好食不過係London?China town仲出色過香港咁犀利 你煮得好唔好食?仲出色過香港 咁誇張
#cry#dog
#upset#dog
#hehe#pig
#think#lm2",0
推,1
"顯示更多犯法唔好既！會比人拉架！之前有冇影過?咩靚靚sticker 噴漆呢?真係會衰 小心? 遲D會share多D相出黎如果唔係我地得個idea無野support都無人信個夢境係通常兩三點去天橋幫佢化妝。。。無哨所以先想轉行加上上次個夢係一出去就幾架狗車著曬燈唔知咩事。。。即走小心?呀安全第一無端端比狗咬 都唔好啦
#kill#pig
#kill#pig
#kill#pig
#lick#lm2
#xx(#lm2
#pointing#pig",1
"顯示更多噴漆呢?真係會衰 小心? 遲D會share多D相出黎如果唔係我地得個idea無野support都無人信個夢境係通常兩三點去天橋幫佢化妝。。。無哨所以先想轉行加上上次個夢係一出去就幾架狗車著曬燈唔知咩事。。。即走小心?呀安全第一無端端比狗咬 都唔好啦無錯！轉行穩陣留得青山在
#xx(#lm2
#pointing#pig
#yup#",1
"顯示更多噴漆呢?真係會衰 小心? 遲D會share多D相出黎如果唔係我地得個idea無野support都無人信個夢境係通常兩三點去天橋幫佢化妝。。。無哨所以先想轉行加上上次個夢係一出去就幾架狗車著曬燈唔知咩事。。。即走小心?呀安全第一無端端比狗咬 都唔好啦真 無啦啦俾人鎖48 勾張黃紙都on99所以我地做野一定會跟實我地?原則 兄弟?安全最緊要
#xx(#lm2
#pointing#pig",1
[sosad],0
推,1
"顯示更多噴漆呢?真係會衰 小心? 遲D會share多D相出黎如果唔係我地得個idea無野support都無人信個夢境係通常兩三點去天橋幫佢化妝。。。無哨所以先想轉行加上上次個夢係一出去就幾架狗車著曬燈唔知咩事。。。即走無錯，好多手足都觀望緊但我地會係可控?範圍內俾大家知最多咪拉人封艇 佢斷唔正我地告我唔到如果做文宣都要俾人掉落樓咁無計
#xx(#lm2
[sosad]",0
"顯示更多個夢境係通常兩三點去天橋幫佢化妝。。。無哨所以先想轉行加上上次個夢係一出去就幾架狗車著曬燈唔知咩事。。。即走小心?呀安全第一無端端比狗咬 都唔好啦真 無啦啦俾人鎖48 勾張黃紙都on99所以我地做野一定會跟實我地?原則 兄弟?安全最緊要Teamwork好緊要 可惜朋友住九龍
#xx(#lm2
#pointing#pig
#kill#",0
#good#,1
#touch#dog,0
推 有興趣,1
推 有興趣多謝支持 可以tg 我地,1
#yup##yup#,1
up,1
"各位手足晚安！聽日再吹
#zzz#dog",1
gogogo,1
"各位手足晚安！聽日再吹晚安
#zzz#dog
#hoho#
#hoho#",1
"各位手足晚安！聽日再吹早?啦快?休息下啦
#zzz#dog
#touch#dog
#wine#pig",1
今日有4位至少還押80日手足會上庭，跪求聲援https://lih.kg/1944875- 分享自 LIHKG 討論區,0
想了解你地組織多?背景，你地成立呢10年都係從事支援抗爭者同抗爭事務? 你地擺晒網站出來唔怕俾狗target?如果join你地，你地點判斷加入行動既手足係信得過?,0
推,1
Push,1
Pish,1
推,1
想了解你地組織多?背景，你地成立呢10年都係從事支援抗爭者同抗爭事務? 你地擺晒網站出來唔怕俾狗target?如果join你地，你地點判斷加入行動既手足係信得過?多謝手足你支持係我地網頁都有提 我地本身係幫年輕更生人士讀書我地?vision係提升更生人士?學歷同埋幫佢地就業都做左幾年 但因為錢銀?問題我地無做得好大但都叫培育左D大學畢業大專畢業出黎我地都會驚俾狗target 而且都預左但保護做文宣?手足係我地首要?任務我地有自己一套?方法去捉鬼 唔方便透露sorry,0
想了解你地組織多?背景，你地成立呢10年都係從事支援抗爭者同抗爭事務? 你地擺晒網站出來唔怕俾狗target?如果join你地，你地點判斷加入行動既手足係信得過?另外一樣值得一提我地依家專注做文科野 文宣有好多範但有D手足搵我地做D唔係我地capacity?野sorry 我地現階段合作唔到,0
推 支持做實事,1
"推 支持做實事多謝手足支持 like?FB同IG未呢
#touch#lm2",1
推見到可信就課金,1
推見到可信就課金多謝手足支持 可以follow我地IG同FB 會比較整齊D資訊,1
#kill#lm2,0
"仲唔訓兄弟
#kill#lm2
[sosad]",0
xx(,0
"多謝手足你關心我地會有保護自己?一套方法如果有一日我地係網絡世界消失左希望大家每年7月14上支香俾我地
xx(",0
幫你?推多?,1
"幫你?推多?thanks bro
#hoho#",1
推,1
熱門好似未見，再推,1
push,1
"想了解你地組織多?背景，你地成立呢10年都係從事支援抗爭者同抗爭事務? 你地擺晒網站出來唔怕俾狗target?如果join你地，你地點判斷加入行動既手足係信得過?多謝手足你支持係我地網頁都有提 我地本身係幫年輕更生人士讀書我地?vision係提升更生人士?學歷同埋幫佢地就業都做左幾年 但因為錢銀?問題我地無做得好大但都叫培育左D大學畢業大專畢業出黎我地都會驚俾狗target 而且都預左但保護做文宣?手足係我地首要?任務我地有自己一套?方法去捉鬼 唔方便透露sorry好多謝你咁熱心幫助我地手足，如果貴團隊可以搵到?比較知名既團體endorse (e.g. 621,星火)，會更好，可以俾到更大信心義工同募捐者",0
Push,1
推,1
"仲唔訓兄弟太早啦未到五點都未??
#kill#lm2
[sosad]
#haha#dog
#touch#dog",1
"多謝手足你關心我地會有保護自己?一套方法如果有一日我地係網絡世界消失左希望大家每年7月14上支香俾我地唔好咁講啦
xx(
#shocking#pig",0
"想了解你地組織多?背景，你地成立呢10年都係從事支援抗爭者同抗爭事務? 你地擺晒網站出來唔怕俾狗target?如果join你地，你地點判斷加入行動既手足係信得過?多謝手足你支持係我地網頁都有提 我地本身係幫年輕更生人士讀書我地?vision係提升更生人士?學歷同埋幫佢地就業都做左幾年 但因為錢銀?問題我地無做得好大但都叫培育左D大學畢業大專畢業出黎我地都會驚俾狗target 而且都預左但保護做文宣?手足係我地首要?任務我地有自己一套?方法去捉鬼 唔方便透露sorry好多謝你咁熱心幫助我地手足，如果貴團隊可以搵到?比較知名既團體endorse (e.g. 621,星火)，會更好，可以俾到更大信心義工同募捐者多謝你?意見 我地都係手兄 覆巢之下無完卵 大家加油搵D出名?團隊endorse或者cooperation都會考慮目前就專心用已經收到?捐款做好本份先我地相信做好我地要做?野 自然大家會支持",0
"熱門好似未見，再推係推極都唔上
[sosad]",0
"多謝手足你關心我地會有保護自己?一套方法如果有一日我地係網絡世界消失左希望大家每年7月14上支香俾我地唔好咁講啦好難講無人知周梓樂點解會死？陳彥霖點解會死？
xx(
#shocking#pig",0
"顯示更多多謝手足你關心我地會有保護自己?一套方法如果有一日我地係網絡世界消失左希望大家每年7月14上支香俾我地唔好咁講啦好難講無人知周梓樂點解會死？陳彥霖點解會死？你地要真係小心呀唔想再失去多一位手足呀
#shocking#pig
:-(
:-(",0
"顯示更多唔好咁講啦好難講無人知周梓樂點解會死？陳彥霖點解會死？你地要真係小心呀唔想再失去多一位手足呀無人知點樣先踩到條線可能我地鬼崇做 鬼崇死要掉都掉杜生落樓先啦
#shocking#pig
:-(
:-(
[sosad]
#yup#",0
"顯示更多好難講無人知周梓樂點解會死？陳彥霖點解會死？你地要真係小心呀唔想再失去多一位手足呀無人知點樣先踩到條線可能我地鬼崇做 鬼崇死要掉都掉杜生落樓先啦仲唔?
:-(
:-(
[sosad]
#yup#
[sosad]
#zzz#dog",0
#kill#lm2,0
同埋坦白講，雖然三個計劃都好值得支持，但始終要實行哂呢三個計劃，錢銀方面唔會係少數目，尤其係助學個方面，反而搵人搵資源做文宣就相對地容易。既然你話好易搵到你地，會唔會考慮私下搵一搵後生??手足（議員e.g Lester 甚至杜文澤）個?幫手做宣傳同endorse ?始終之前太多家長比?仆街呃錢......是咁的 助學呢個計劃我地一直有個行之有效?方案做緊 我地呢方面唔需要大家錢銀上支持 我地已經run?好幾年 只係將個重心轉去幫抗爭者我地依家主要r resource做文宣需要?錢銀少好多整一次文宣/連儂牆唔使用好多錢建議你地整一兩次先r 資源... 如果唔係你地個ig fb咩都無就問人?錢會令人感覺伏味好濃,0
#yo#lm2,1
#kill##kill##kill#,0
推,1
推,1
push,1
"btw你地個ig出多兩個post會靚?
??",1
推,1
推,1
#kill#lm2,0
"比你更窮
#yup#
#yup#
#yup#
:-(",0
:),1
"顯示更多加埋有時客串下?手足都十幾個一定要大學生呀有冇係新界區度做啊其實唔一定 如果唔夠人做又有資金 都想盡做最大問題係唔夠資金新界係我地大本營 多數都係新東港島撚待機中
#???#lm2",0
想幫手 除左捐錢之外可以點加入自己有同幾個frd落開街貼文宣 但樓主你有系統?既意思係點?即係你會組織?人再分配一隊一隊(eg:10人一隊)咁去貼?利申 大學畢業? 返緊工 ?文宣係自己係文具鋪/公司印,0
推,1
推,1
推,1
推,1
同埋坦白講，雖然三個計劃都好值得支持，但始終要實行哂呢三個計劃，錢銀方面唔會係少數目，尤其係助學個方面，反而搵人搵資源做文宣就相對地容易。既然你話好易搵到你地，會唔會考慮私下搵一搵後生??手足（議員e.g Lester 甚至杜文澤）個?幫手做宣傳同endorse ?始終之前太多家長比?仆街呃錢......是咁的 助學呢個計劃我地一直有個行之有效?方案做緊 我地呢方面唔需要大家錢銀上支持 我地已經run?好幾年 只係將個重心轉去幫抗爭者我地依家主要r resource做文宣需要?錢銀少好多整一次文宣/連儂牆唔使用好多錢建議你地整一兩次先r 資源... 如果唔係你地個ig fb咩都無就問人?錢會令人感覺伏味好濃非常認同 我地有?急進所以我地做?野即將全面進場但我地希望大家擺低文宣好易做低成本?概念我地?目標 係要更新全港?線下文宣網絡呢個工作一?都唔低成本 一?都唔簡單,0
"btw你地個ig出多兩個post會靚?收到好快有貨賣
??
#yup#",1
"顯示更多一定要大學生呀有冇係新界區度做啊其實唔一定 如果唔夠人做又有資金 都想盡做最大問題係唔夠資金新界係我地大本營 多數都係新東港島撚待機中多謝手足支持
#???#lm2
#:P#lm2",1
"想幫手 除左捐錢之外可以點加入自己有同幾個frd落開街貼文宣 但樓主你有系統?既意思係點?即係你會組織?人再分配一隊一隊(eg:10人一隊)咁去貼?利申 大學畢業? 返緊工 ?文宣係自己係文具鋪/公司印手足貼街招犯法架網上叫人貼街招都係犯法系統性指?係有一套恆常?機制去做無?我套野都run到無?上次做野?mary 多?呀terry 都會做到
#:)#dog
#:)#dog",1
push#yup#,1
pish,1
push,1
push,1
#fuck#,0
"顯示更多無錯，好多手足都觀望緊但我地會係可控?範圍內俾大家知最多咪拉人封艇 佢斷唔正我地告我唔到如果做文宣都要俾人掉落樓咁無計放心
[sosad]
#fuck#
#hoho#",0
#kill#lm2,0
推,1
"香港，早晨
#bang#lm2",1
推啊,1
"香港，早晨精神依家咁仲有無去做gym
#bang#lm2
#hoho#",1
#lick#lm2,1
"好支持樓主run緊果三個計劃想講下捐款果到 其實有電話號碼都已經可以用payme 只需綁定個銀行戶口就得 應該唔使website都做到 最多私下tg你?
#good#",1
#diu#lm2,0
"好支持樓主run緊果三個計劃想講下捐款果到 其實有電話號碼都已經可以用payme 只需綁定個銀行戶口就得 應該唔使website都做到 最多私下tg你?手足 多謝你?意見如果用payme現階段我地只可以直接用私人電話同身份咁樣就直接披露我地身份出黎Popo查到還佢地查到 俾人擺上藍絲暴徒網就另一回事
#good#
#haha#lm2",1
"好支持樓主run緊果三個計劃想講下捐款果到 其實有電話號碼都已經可以用payme 只需綁定個銀行戶口就得 應該唔使website都做到 最多私下tg你?手足 多謝你?意見如果用payme現階段我地只可以直接用私人電話同身份咁樣就直接披露我地身份出黎Popo查到還佢地查到 俾人擺上藍絲暴徒網就另一回事你地遲d會唔會考慮專登搞個捐款用既戶口同電話？
#good#
#haha#lm2",1
"好支持樓主run緊果三個計劃想講下捐款果到 其實有電話號碼都已經可以用payme 只需綁定個銀行戶口就得 應該唔使website都做到 最多私下tg你?手足 多謝你?意見如果用payme現階段我地只可以直接用私人電話同身份咁樣就直接披露我地身份出黎Popo查到還佢地查到 俾人擺上藍絲暴徒網就另一回事你地遲d會唔會考慮專登搞個捐款用既戶口同電話？暫時用住paypal先 我地資金有限 如果仲用黎做?minor野 對唔住捐錢俾我地?手足
#good#
#haha#lm2",0
push,1
"顯示更多手足 多謝你?意見如果用payme現階段我地只可以直接用私人電話同身份咁樣就直接披露我地身份出黎Popo查到還佢地查到 俾人擺上藍絲暴徒網就另一回事你地遲d會唔會考慮專登搞個捐款用既戶口同電話？暫時用住paypal先 我地資金有限 如果仲用黎做?minor野 對唔住捐錢俾我地?手足我唔係咁既意思 因為唔係人人都有credit card 有時想捐都冇得捐
#haha#lm2
[sosad]",0
"香港，早晨精神依家咁仲有無去做gym傷左膊頭休息埋依個星期復操！不過做住home workout先！有少小架餐加小小創意力 應該無問題
#bang#lm2
#hoho#
[sosad]
#good#",0
"顯示更多你地遲d會唔會考慮專登搞個捐款用既戶口同電話？暫時用住paypal先 我地資金有限 如果仲用黎做?minor野 對唔住捐錢俾我地?手足我唔係咁既意思 因為唔係人人都有credit card 有時想捐都冇得捐我地諗住正常都會有信用卡 咁真係要認真研究下 多謝你意見手足
[sosad]
#:O#lm2",0
push,1
"香港，早晨精神依家咁仲有無去做gym傷左膊頭休息埋依個星期復操！不過做住home workout先！有少小架餐加小小創意力 應該無問題咁咪手停口停
#bang#lm2
#hoho#
[sosad]
#good#",0
"pushthanks bro
#hoho#",1
"香港，早晨精神依家咁仲有無去做gym傷左膊頭休息埋依個星期復操！不過做住home workout先！有少小架餐加小小創意力 應該無問題咁唔小心呀創意力量同幻想會嚇你一跳
#bang#lm2
#hoho#
[sosad]
#good#
#upset#dog
#touch#dog",0
push,1
"push多謝手足支持 快D follow我地FB同IG 可以最快收到我地?資訊
#touch#lm2",1
Push,1
"Push多謝手足支持 快D follow我地FB同IG 可以最快收到我地?資訊
#touch#lm2",1
;-),1
周圍冇晒，真心sad推,0
推#drum#pig,0
"之前都有提過要查我地就算hide左都會查到防到普通人起我地就ok
;-)
#hoho#",1
周圍冇晒，真心sad推係呀 大家可以睇下我地其中一篇文宣對延續運動?重要性https://www.swallowlife.org/post/%E6%96%87%E5%AE%A3%E5%B0%8D%E5%BB%B6%E7%BA%8C%E6%8A%97%E7%88%AD%E7%9A%84%E9%87%8D%E8%A6%81%E6%80%A7-1-0希望可以幫手spread out我地?value出去我地IG都有post 可以幫手repost去自己story tag朋友睇,0
Pushhhh,1
"Pushhhh多謝手足支持 快D follow我地FB同IG 可以最快收到我地?資訊
#touch#lm2",1
#oh#,0
"我地會盡量係我地?perspective驗證有好多手足問我地點證明我地唔係鬼sorry我地真係諗唔到點證明
#oh#
[sosad]",0
#drum#pig,0
#wine#pigxm,0
#good#,1
[slick],1
推,1
"我地會盡量係我地?perspective驗證有好多手足問我地點證明我地唔係鬼sorry我地真係諗唔到點證明我地驚過你地所以我地都係個句 會專注用現有?資源maximise做到?野先
#oh#
[sosad]
#good#
#cry#dog",0
:P,1
"我地會盡量係我地?perspective驗證有好多手足問我地點證明我地唔係鬼sorry我地真係諗唔到點證明我地都會向呢個方向做
#oh#
[sosad]
[slick]
#hoho#",1
[bouncer],0
#like#,1
@_@,0
push,1
push,1
#drum#pigxm,0
推！,1
"推！多謝手足支持 快D follow我地FB同IG 可以最快收到我地?資訊
#touch#lm2",1
#good#,1
"多謝手足支持 快D follow我地FB同IG 可以最快收到我地?資訊
#good#
#touch#lm2",1
"顯示更多我地會盡量係我地?perspective驗證有好多手足問我地點證明我地唔係鬼sorry我地真係諗唔到點證明我地都會向呢個方向做搵612 reminder啦
[sosad]
[slick]
#hoho#
:)",1
推,1
"顯示更多我地都會向呢個方向做搵612 reminder啦thanks for your suggestion bro
[slick]
#hoho#
:)
#hoho#",1
"推多謝手足支持 快D follow我地FB同IG 可以最快收到我地?資訊
#touch#lm2",0
推,1
Pish,1
#touch#dog,1
幫手推,1
"推多謝手足支持 快D follow我地FB同IG 可以最快收到我地?資訊
#touch#lm2",1
"Pish多謝手足支持 快D follow我地FB同IG 可以最快收到我地?資訊
#touch#lm2",1
"幫手推多謝手足支持 快D follow我地FB同IG 可以最快收到我地?資訊
#touch#lm2",1
#:P#lm2,1
"師兄唔洗返工？
#:P#lm2
#jable#lm2",1
:),1
"顯示更多精神依家咁仲有無去做gym傷左膊頭休息埋依個星期復操！不過做住home workout先！有少小架餐加小小創意力 應該無問題咁咪手停口停都係嫁！不過都準備緊考消防！
#hoho#
[sosad]
#good#",1
"師兄唔洗返工？唔使 做緊廢青
#:P#lm2
#jable#lm2
#sowhat#pig",0
"師兄唔洗返工？唔使 做緊廢青大家咁話
#:P#lm2
#jable#lm2
#sowhat#pig
#hoho#",1
#drum#pig#drum#pig#drum#pig,0
O:-),1
"顯示更多傷左膊頭休息埋依個星期復操！不過做住home workout先！有少小架餐加小小創意力 應該無問題咁咪手停口停都係嫁！不過都準備緊考消防！做消防好辛苦 真係唔係淨係為錢去做appreciate
[sosad]
#good#
#dance#pig",1
"顯示更多師兄唔洗返工？唔使 做緊廢青大家咁話休息是為了走更長的路男兒志在四方 最緊要搵到目標
#jable#lm2
#sowhat#pig
#hoho#",1
"顯示更多唔使 做緊廢青大家咁話休息是為了走更長的路男兒志在四方 最緊要搵到目標但係我搵唔到目標呀
#sowhat#pig
#hoho#
#haha#dog",1
"顯示更多咁咪手停口停都係嫁！不過都準備緊考消防！做消防好辛苦 真係唔係淨係為錢去做appreciate由細到大都想當兵！香港無兵當(唔好叫我去做狗)最有使命感又幫到人就得消防！加上細細個就鐘意同火玩遊戲
#dance#pig
#wet#lm2",1
"顯示更多大家咁話休息是為了走更長的路男兒志在四方 最緊要搵到目標但係我搵唔到目標呀有既！試下多?唔同既野，接觸下唔同事物就會發現自己興趣！再從中?目標
#hoho#
#haha#dog",1
唔該大家唔好淨係以為全香港人都睇連登你要推就1. push post2. copy link3. Share to others道理同 youtube CLS 一樣,0
"顯示更多大家咁話休息是為了走更長的路男兒志在四方 最緊要搵到目標但係我搵唔到目標呀好多人都係咁 安安穩穩咁過無話對與錯做人開心就夠
#hoho#
#haha#dog",1
"顯示更多都係嫁！不過都準備緊考消防！做消防好辛苦 真係唔係淨係為錢去做appreciate由細到大都想當兵！香港無兵當(唔好叫我去做狗)最有使命感又幫到人就得消防！加上細細個就鐘意同火玩遊戲去法國做傭兵
#dance#pig
#wet#lm2
#jable#lm2",1
push,1
"唔該大家唔好淨係以為全香港人都睇連登你要推就1. push post2. copy link3. Share to others道理同 youtube CLS 一樣認同 希望大家幫手支持下
#hoho#",1
認同你地既理念想加入幫手去支援被捕既手足,0
推,1
推,1
課金課金gogogo,1
認同你地既理念想加入幫手去支援被捕既手足關於服刑後手足?支援其實我地係呢到著墨比較少唔想大家out focus 而且大部份?手足court都未上完 刑期仲未拍落黎唔想俾大家覺得好似呃錢消費手足咁時機成熟我地會再推出黎講,0
"課金課金gogogo多謝手足支持 快D follow我地FB同IG 可以最快收到我地?資訊
#touch#lm2",1
"推多謝手足支持 快D follow我地FB同IG 可以最快收到我地?資訊
#touch#lm2",1
"顯示更多休息是為了走更長的路男兒志在四方 最緊要搵到目標但係我搵唔到目標呀好多人都係咁 安安穩穩咁過無話對與錯做人開心就夠唔係我都想翻個目標唔想成世仔 渾渾噩噩呀
#haha#dog
#aura#lm2",0
"推多謝手足支持 快D follow我地FB同IG 可以最快收到我地?資訊好開心愈來愈多手足投入討論同幫推
#touch#lm2
#jable#lm2",1
"顯示更多但係我搵唔到目標呀好多人都係咁 安安穩穩咁過無話對與錯做人開心就夠唔係我都想翻個目標唔想成世仔 渾渾噩噩呀支持！有心從來唔怕遲！加油手足！
#haha#dog
#aura#lm2",1
"推多謝手足支持 快D follow我地FB同IG 可以最快收到我地?資訊好開心愈來愈多手足投入討論同幫推一日未俾人掉落樓都要推呢個post希望我地?努力可以令到更多人知道文宣可以點做唔再係散修修咁做我地想?係將我地呢套做法推俾所有人 可以自己同圍內?兄弟做
#touch#lm2
#jable#lm2",1
"顯示更多但係我搵唔到目標呀好多人都係咁 安安穩穩咁過無話對與錯做人開心就夠唔係我都想翻個目標唔想成世仔 渾渾噩噩呀我相信我地呢一代人無邊個想成世on99咁打份工搵雞碎咁多做狗
#haha#dog
#aura#lm2",1
#kill#,0
"顯示更多好多人都係咁 安安穩穩咁過無話對與錯做人開心就夠唔係我都想翻個目標唔想成世仔 渾渾噩噩呀支持！有心從來唔怕遲！加油手足！巴打你考消防 都要加油呀幾時考呀
#aura#lm2
#cheerup#dog
#cheerup#dog",1
"顯示更多多謝手足支持 快D follow我地FB同IG 可以最快收到我地?資訊好開心愈來愈多手足投入討論同幫推一日未俾人掉落樓都要推呢個post希望我地?努力可以令到更多人知道文宣可以點做唔再係散修修咁做我地想?係將我地呢套做法推俾所有人 可以自己同圍內?兄弟做人人出一分力！18區齊齊繼續文宣開花
#touch#lm2
#jable#lm2",1
"顯示更多唔係我都想翻個目標唔想成世仔 渾渾噩噩呀支持！有心從來唔怕遲！加油手足！巴打你考消防 都要加油呀幾時考呀6月考公務員試，之後再申請埋消防！希望12月入班！
#aura#lm2
#cheerup#dog
#cheerup#dog
#hoho#
#hoho#
#hoho#",1
"顯示更多好多人都係咁 安安穩穩咁過無話對與錯做人開心就夠唔係我都想翻個目標唔想成世仔 渾渾噩噩呀我相信我地呢一代人無邊個想成世on99咁打份工搵雞碎咁多做狗講得岩呀
#aura#lm2",1
推,1
"顯示更多支持！有心從來唔怕遲！加油手足！巴打你考消防 都要加油呀幾時考呀6月考公務員試，之後再申請埋消防！希望12月入班！加油呀你實得?
#cheerup#dog
#cheerup#dog
#hoho#
#hoho#
#hoho#
#yo#lm2",1
"顯示更多巴打你考消防 都要加油呀幾時考呀6月考公務員試，之後再申請埋消防！希望12月入班！加油呀你實得?承你貴言先 機會係留比有準備既人！一直都準備緊！我都希望你早日?到你既目標
#cheerup#dog
#cheerup#dog
#hoho#
#hoho#
#hoho#
#yo#lm2
#hoho#
#kill#lm2",0
"顯示更多6月考公務員試，之後再申請埋消防！希望12月入班！加油呀你實得?承你貴言先 機會係留比有準備既人！一直都準備緊！我都希望你早日?到你既目標加油兄弟 出去小心俾狗咬咬到你?話咩都唔洗做
#hoho#
#hoho#
#hoho#
#yo#lm2
#hoho#
#kill#lm2",0
push,1
push,1
#kill#lm2,0
:),1
支持，大家都幫手啦！,1
"顯示更多加油呀你實得?承你貴言先 機會係留比有準備既人！一直都準備緊！我都希望你早日?到你既目標加油兄弟 出去小心俾狗咬咬到你?話咩都唔洗做係！屋企人都叫我唔好，但係佢?知阻我唔到都係個句，有咩事自己負責但係你問我，前途係緊要，但係如果我唔做番?野，我將來會後悔，會責怪自己當年當日點解無出過一分力！所以又係個句兄弟爬山 各自努力 大家盡做！每個人做好自己個一part香港就會好唔同！
#yo#lm2
#hoho#
#kill#lm2",0
"窮人幫推
#adore#
#adore#
#adore#
#adore#
#adore#
#adore#
#adore#",1
push,1
推,1
推,1
#kill#,0
:~(,0
"多謝各位手足支持
#lick#lm2",1
"顯示更多承你貴言先 機會係留比有準備既人！一直都準備緊！我都希望你早日?到你既目標加油兄弟 出去小心俾狗咬咬到你?話咩都唔洗做係！屋企人都叫我唔好，但係佢?知阻我唔到都係個句，有咩事自己負責但係你問我，前途係緊要，但係如果我唔做番?野，我將來會後悔，會責怪自己當年當日點解無出過一分力！所以又係個句兄弟爬山 各自努力 大家盡做！每個人做好自己個一part香港就會好唔同！大丈夫有所為有所不為有?野你唔做 我唔做就無人做做人唔最緊要隨心
#hoho#
#kill#lm2",0
#drum#pig#drum#pig,0
push,1
"呢兩日都收到?手足?捐款 我地會努力?出街影人地貼?文宣俾大家睇
#hoho#",1
push,1
push,1
#kill#lm2,0
#jable#lm2,1
"大家唔支持都可以屌下我地倒不如（綠絲帶與泛綠有關）…https://petitions.whitehouse.gov/petition/us-nominate-dr-shih-c-chen-taiwan-doh-minister-new-chair-who
[sosad]",0
支持，文宣連農牆好重要,1
"顯示更多加油兄弟 出去小心俾狗咬咬到你?話咩都唔洗做係！屋企人都叫我唔好，但係佢?知阻我唔到都係個句，有咩事自己負責但係你問我，前途係緊要，但係如果我唔做番?野，我將來會後悔，會責怪自己當年當日點解無出過一分力！所以又係個句兄弟爬山 各自努力 大家盡做！每個人做好自己個一part香港就會好唔同！大丈夫有所為有所不為有?野你唔做 我唔做就無人做做人唔最緊要隨心最緊要對得住自己
[banghead]",0
#diu#lm2,0
"大家唔支持都可以屌下我地倒不如（綠絲帶與泛綠有關）…https://petitions.whitehouse.gov/petition/us-nominate-dr-shih-c-chen-taiwan-doh-minister-new-chair-whosigned
[sosad]",0
"支持，文宣連農牆好重要多謝手足支持 快D follow我地FB同IG 可以最快收到我地?資訊
#touch#lm2",1
"顯示更多承你貴言先 機會係留比有準備既人！一直都準備緊！我都希望你早日?到你既目標加油兄弟 出去小心俾狗咬咬到你?話咩都唔洗做係！屋企人都叫我唔好，但係佢?知阻我唔到都係個句，有咩事自己負責但係你問我，前途係緊要，但係如果我唔做番?野，我將來會後悔，會責怪自己當年當日點解無出過一分力！所以又係個句兄弟爬山 各自努力 大家盡做！每個人做好自己個一part香港就會好唔同！小心d好你有個咁好?目標 唔好因為唔小心 比狗咬而冇得做啊
#hoho#
#kill#lm2
:-(",0
再推,1
推,1
"#:O#b
#:P#b
#:O#b
#:P#b",1
顯示更多加油兄弟 出去小心俾狗咬咬到你?話咩都唔洗做係！屋企人都叫我唔好，但係佢?知阻我唔到都係個句，有咩事自己負責但係你問我，前途係緊要，但係如果我唔做番?野，我將來會後悔，會責怪自己當年當日點解無出過一分力！所以又係個句兄弟爬山 各自努力 大家盡做！每個人做好自己個一part香港就會好唔同！大丈夫有所為有所不為有?野你唔做 我唔做就無人做做人唔最緊要隨心寧鳴而死 不默而生,0
Too long 好似read 曬手足加油,1
"顯示更多加油兄弟 出去小心俾狗咬咬到你?話咩都唔洗做係！屋企人都叫我唔好，但係佢?知阻我唔到都係個句，有咩事自己負責但係你問我，前途係緊要，但係如果我唔做番?野，我將來會後悔，會責怪自己當年當日點解無出過一分力！所以又係個句兄弟爬山 各自努力 大家盡做！每個人做好自己個一part香港就會好唔同！小心d好你有個咁好?目標 唔好因為唔小心 比狗咬而冇得做啊收到嫁喇手足大家一齊加油！
:-(
#kill#",0
"多謝手足們支持 快D follow我地FB同IG 可以最快收到我地?資訊
#touch#lm2",1
推推推,1
"推推推多謝手足支持 快D follow我地FB同IG 可以最快收到我地?資訊
#touch#lm2",1
"其實個po有冇開錯台點解推極都推唔郁既
[sosad]",0
"其實個po有冇開錯台點解推極都推唔郁既已經擺時事台其他台?po都係死水
[sosad]
[sosad]",0
"其實個po有冇開錯台點解推極都推唔郁既唔夠多人討論
[sosad]
#think#lm2",0
#kill#lm2,0
#touch#dog,1
#yo#lm2,1
#touch#lm2,1
#lick#lm2,1
#:P#lm2,1
#sowhat#pig,0
屌屌屌,0
#:)#lm2,1
周圍貼先要人要錢要資源！線下文宣全港大行動 重建文宣網絡https://lih.kg/1942830- 分享自 LIHKG 討論區,0
#kill#,0
"屌屌屌我個十連呀
#haha#dog",0
#kill#lm2,0
#yo#lm2,1
#lick#lm2xm,1
#wet#lm2xm,1
#touch#lm2xm,1
#[sosick]#lm2xm,1
#eating#lm2xm,1
#bye#lm2xm,0
#diu#lm2xm,0
#jable#lm2xm,1
"Thx bro
#drum#pig",0
"屌屌屌我個十連呀
#haha#dog
:D",0
#touch#dog,0
"屌屌屌我個十連呀成功?啦
#haha#dog
:D
#mock#pig",1
屌屌屌,0
"顯示更多我個十連呀成功?啦多謝兩位手足成日幫手推po
#haha#dog
:D
#mock#pig
#[sosad]#lm2",0
"顯示更多成功?啦屌屌屌我都好鍾意?人十連?
:D
#mock#pig
#mock#pig",0
"顯示更多成功?啦多謝兩位手足成日幫手推po有用既post無人討論鳩茄post 無作用無建設性既post就咁撚多人吹水
:D
#mock#pig
#[sosad]#lm2
[censored]
#kill2#",0
港島撚觀望中,0
"顯示更多成功?啦多謝兩位手足成日幫手推po有用既post無人討論鳩茄post 無作用無建設性既post就咁撚多人吹水一齊?度吹水會唔會上熱門呢
#mock#pig
#[sosad]#lm2
[censored]
#kill2#
#think#lm2",0
推,1
"顯示更多多謝兩位手足成日幫手推po有用既post無人討論鳩茄post 無作用無建設性既post就咁撚多人吹水一齊?度吹水會唔會上熱門呢都吹左幾日，仲未上到人?個?鳩po 幾個鐘就上左
#[sosad]#lm2
[censored]
#kill2#
#think#lm2
[sosad]",0
"顯示更多有用既post無人討論鳩茄post 無作用無建設性既post就咁撚多人吹水一齊?度吹水會唔會上熱門呢都吹左幾日，仲未上到人?個?鳩po 幾個鐘就上左多d人吹巴打有冇打機呀
[censored]
#kill2#
#think#lm2
[sosad]
#think#lm2
#hehe#pig",1
"顯示更多有用既post無人討論鳩茄post 無作用無建設性既post就咁撚多人吹水一齊?度吹水會唔會上熱門呢都吹左幾日，仲未上到人?個?鳩po 幾個鐘就上左見?po 兩版留言已經上?去
[censored]
#kill2#
#think#lm2
[sosad]
xx(",0
"顯示更多一齊?度吹水會唔會上熱門呢都吹左幾日，仲未上到人?個?鳩po 幾個鐘就上左見?po 兩版留言已經上?去一齊努力吹啦
#think#lm2
[sosad]
xx(
#yo#lm2",1
"顯示更多都吹左幾日，仲未上到人?個?鳩po 幾個鐘就上左見?po 兩版留言已經上?去一齊努力吹啦多謝兄弟幫手岩岩見到boris johnson都中左武漢肺炎真係打個突
[sosad]
xx(
#yo#lm2
#hoho#",1
"顯示更多見?po 兩版留言已經上?去一齊努力吹啦多謝兄弟幫手岩岩見到boris johnson都中左武漢肺炎真係打個突見到個新聞 我當場嚇?一跳巴打 你個ac係咪幾個人一齊用?
xx(
#yo#lm2
#hoho#
#yo#lm2",1
"顯示更多一齊努力吹啦多謝兄弟幫手岩岩見到boris johnson都中左武漢肺炎真係打個突見到個新聞 我當場嚇?一跳巴打 你個ac係咪幾個人一齊用?唔係 呢個acc係我?我只係負責對外?聯絡 所以掉落樓?話第一個掉我
#yo#lm2
#hoho#
#yo#lm2",1
推,1
"顯示更多多謝兄弟幫手岩岩見到boris johnson都中左武漢肺炎真係打個突見到個新聞 我當場嚇?一跳巴打 你個ac係咪幾個人一齊用?唔係 呢個acc係我?我只係負責對外?聯絡 所以掉落樓?話第一個掉我唔好成日講埋依??啦其他成員有冇ac呀叫佢地一齊推呀
#hoho#
#yo#lm2
#no#
#touch#lm2",0
有用post幫推,1
#kill#lm2,0
"顯示更多一齊?度吹水會唔會上熱門呢都吹左幾日，仲未上到人?個?鳩po 幾個鐘就上左多d人吹巴打有冇打機呀無之前有玩ps4 cod
#think#lm2
[sosad]
#think#lm2
#hehe#pig
??",0
"顯示更多見到個新聞 我當場嚇?一跳巴打 你個ac係咪幾個人一齊用?唔係 呢個acc係我?我只係負責對外?聯絡 所以掉落樓?話第一個掉我唔好成日講埋依??啦其他成員有冇ac呀叫佢地一齊推呀咪係囉
#yo#lm2
#no#
#touch#lm2
#cooking#pig",1
"顯示更多都吹左幾日，仲未上到人?個?鳩po 幾個鐘就上左多d人吹巴打有冇打機呀無之前有玩ps4 cod冇玩cod咁有冇玩P5呀
[sosad]
#think#lm2
#hehe#pig
??
#upset#dog
#:P#lm2",1
"顯示更多多d人吹巴打有冇打機呀無之前有玩ps4 cod冇玩cod咁有冇玩P5呀咩係p5
#think#lm2
#hehe#pig
??
#upset#dog
#:P#lm2
:-(",0
"顯示更多無之前有玩ps4 cod冇玩cod咁有冇玩P5呀咩係p5女神異聞錄5
??
#upset#dog
#:P#lm2
:-(
#sowhat#pig",0
"打機都係小五到中4既事以前沉迷heat project 彩虹冒險 跑 battlefield
:~(",0
"食黃店支持黃色經濟圈
#hoho#",1
"打機都係小五到中4既事以前沉迷heat project 彩虹冒險 跑 battlefield你都好鍾意玩槍game喎冇朋友 又冇女朋友除? 打機 就係睇書 砌模型發?夢啦
:~(
#kill#lm2
#upset#dog",0
#ng#,0
"打機都係小五到中4既事以前沉迷heat project 彩虹冒險 跑 battlefield你都好鍾意玩槍game喎冇朋友 又冇女朋友除? 打機 就係睇書 砌模型發?夢啦係想參軍無得參唯有打機打下槍互外活動無性趣？
:~(
#kill#lm2
#upset#dog
:D
#kill#",0
推,1
【毋忘八三一憤怒 毋忘三三一初衷| 在艱彌厲 戰鬥到底】下週二，831太子恐襲事件七個月，同時亦是香港首場反修例全民大遊行一週年，其後在6月9號全面爆發反送中抗爭，一年過去抗爭仍然繼續持續，雖不容置疑的是街頭抗爭稍有冷卻，但我等相信香港民族的反抗意志絕不會磨滅。毋忘八三一憤怒，毋忘三三一初衷，悼念逝去的戰友要的不是鮮花蠟燭，完成戰友們的遺願就是最好的悼念方法！3月31號，懇請香港民族用盡一切辦法，讓泯滅人性者負上應有代價，在艱彌厲戰鬥到底！光復香港·時代革命香港獨立·唯一出路,0
"打機都係小五到中4既事以前沉迷heat project 彩虹冒險 跑 battlefield我細個好鐘意玩跑online
:~(
#drum#pig",0
"食黃店支持黃色經濟圈附近所以通知左樓主大西北要人就叫我
#hoho#

#ng#
#diu#lm2",0
"打機都係小五到中4既事以前沉迷heat project 彩虹冒險 跑 battlefield我細個好鐘意玩跑online我玩到紅拖就收左皮
:~(
#drum#pig",0
屌你老母正經Post無人正皮無人睇 個?咩垃圾淫照無聊咩人中肺炎就大把人正皮上晒熱門,0
"屌你老母正經Post無人正皮無人睇 個?咩垃圾淫照無聊咩人中肺炎就大把人正皮上晒熱門係啊巴打幫手推到依個上熱門
[sosad]
[sosad]
[sosad]
:-(",0
"食黃店支持黃色經濟圈附近所以通知左樓主大西北要人就叫我我都係大西北人樓豬過?叫我呀
#hoho#

#ng#
#diu#lm2
#touch#dog
#yo#lm2",1
#beat#dog#beat#dog,0
"顯示更多附近所以通知左樓主大西北要人就叫我我都係大西北人樓豬過?叫我呀我地未有咁?人力物力但真係好多大西北?人tg 搵我地會認真考慮下
#ng#
#diu#lm2
#touch#dog
#yo#lm2
[sosad]",0
"顯示更多附近所以通知左樓主大西北要人就叫我我都係大西北人樓豬過?叫我呀我地未有咁?人力物力但真係好多大西北?人tg 搵我地會認真考慮下大西北
#diu#lm2
#touch#dog
#yo#lm2
[sosad]
#yup#
#yup#
#yup#
#yup#",1
"顯示更多我都係大西北人樓豬過?叫我呀我地未有咁?人力物力但真係好多大西北?人tg 搵我地會認真考慮下大西北我咁大個人淨係入過一次元朗入大西北真係會盪失路
#touch#dog
#yo#lm2
[sosad]
#yup#
#yup#
#yup#
#yup#",1
"打機都係小五到中4既事以前沉迷heat project 彩虹冒險 跑 battlefield你都好鍾意玩槍game喎冇朋友 又冇女朋友除? 打機 就係睇書 砌模型發?夢啦係想參軍無得參唯有打機打下槍互外活動無性趣？冇人同我做我又潺中學?時候 有踢波?
:~(
#kill#lm2
#upset#dog
:D
#kill#
#upset#dog
#upset#dog
#run#dog",0
"顯示更多你都好鍾意玩槍game喎冇朋友 又冇女朋友除? 打機 就係睇書 砌模型發?夢啦係想參軍無得參唯有打機打下槍互外活動無性趣？冇人同我做我又潺中學?時候 有踢波?可以得閒落去聽住歌跑下街好free 好爽
#kill#lm2
#upset#dog
:D
#kill#
#upset#dog
#upset#dog
#run#dog",0
"顯示更多我地未有咁?人力物力但真係好多大西北?人tg 搵我地會認真考慮下大西北我咁大個人淨係入過一次元朗入大西北真係會盪失路下次入?大西北 你唔會盪失路又大把人陪你
[sosad]
#yup#
#yup#
#yup#
#yup#
#yo#lm2
#touch#dog",1
"顯示更多大西北我咁大個人淨係入過一次元朗入大西北真係會盪失路下次入?大西北 你唔會盪失路又大把人陪你總有機會同大家相見可能到睇住啦 6月我地係港島一定會見到大家
#yup#
#yup#
#yup#
#yup#
#yo#lm2
#touch#dog",1
已課多謝手足,1
"#drum#pig
#drum#pig
#drum#pig
#drum#pig",0
#kill##kill#,0
#kill##kill#,0
"顯示更多係想參軍無得參唯有打機打下槍互外活動無性趣？冇人同我做我又潺中學?時候 有踢波?可以得閒落去聽住歌跑下街好free 好爽之前同人賭賭輸? 比人罰?跑步三日
:D
#kill#
#upset#dog
#upset#dog
#run#dog
#haha#dog",1
#lick#lm2,1
"繼續要推到上熱門
#cooking#pig",1
"已課多謝手足多謝手足支持 快D follow我地FB同IG 可以最快收到我地?資訊
#touch#lm2",1
"顯示更多冇人同我做我又潺中學?時候 有踢波?可以得閒落去聽住歌跑下街好free 好爽之前同人賭賭輸? 比人罰?跑步三日3日咁少？！
#upset#dog
#upset#dog
#run#dog
#haha#dog",1
"顯示更多可以得閒落去聽住歌跑下街好free 好爽之前同人賭賭輸? 比人罰?跑步三日3日咁少？！?故台同人賭佢輸?就扣十分 我輸跑一星期結果一人輸一半佢扣五分 我跑三日D分係我地玩?第二個遊戲依家佢十幾分 我四分咋
#haha#dog
#haha#dog
#touch#dog
#cry#dog",0
"推如果配票用呢個方法有冇可能，it人請入https://lih.kg/1944985- 分享自 LIHKG 討論區
[banghead]",0
"已課多謝手足多謝手足支持 快D follow我地FB同IG 可以最快收到我地?資訊Followed liked!繼續幫你推
#touch#lm2",1
#kill#lm2,0
"顯示更多之前同人賭賭輸? 比人罰?跑步三日3日咁少？！?故台同人賭佢輸?就扣十分 我輸跑一星期結果一人輸一半佢扣五分 我跑三日D分係我地玩?第二個遊戲依家佢十幾分 我四分咋咁都有得賭賭D咩？
#haha#dog
#haha#dog
#touch#dog
#cry#dog
[sosad]
[sosad]
[sosad]",0
"推如果配票用呢個方法有冇可能，it人請入https://lih.kg/1944985- 分享自 LIHKG 討論區多謝手足支持 快D follow我地FB同IG 可以最快收到我地?資訊
[banghead]
#touch#lm2",1
push,1
"顯示更多3日咁少？！?故台同人賭佢輸?就扣十分 我輸跑一星期結果一人輸一半佢扣五分 我跑三日D分係我地玩?第二個遊戲依家佢十幾分 我四分咋咁都有得賭賭D咩？賭 一個故台樓主?ig icon ?相 係男定女我估 女著裙 佢估 男著褲最後係 女著褲所以咪一人輸一半
#haha#dog
#touch#dog
#cry#dog
[sosad]
[sosad]
[sosad]
#haha#dog
#haha#dog
#haha#lm2",0
"顯示更多?故台同人賭佢輸?就扣十分 我輸跑一星期結果一人輸一半佢扣五分 我跑三日D分係我地玩?第二個遊戲依家佢十幾分 我四分咋咁都有得賭賭D咩？賭 一個故台樓主?ig icon ?相 係男定女我估 女著裙 佢估 男著褲最後係 女著褲所以咪一人輸一半你班鹹濕仔
#haha#dog
#touch#dog
#cry#dog
[sosad]
[sosad]
[sosad]
#haha#dog
#haha#dog
#haha#lm2
#hehe#
#hehe#",1
"顯示更多我地未有咁?人力物力但真係好多大西北?人tg 搵我地會認真考慮下大西北我咁大個人淨係入過一次元朗入大西北真係會盪失路咁就要睇番我個po喇半行為po 覺得疫情阻礙抗爭？覺得無野可以做到？入！https://lih.kg/1941627- 分享自 LIHKG 討論區
[sosad]
#yup#
#yup#
#yup#
#yup#
#hehe#",1
"顯示更多咁都有得賭賭D咩？賭 一個故台樓主?ig icon ?相 係男定女我估 女著裙 佢估 男著褲最後係 女著褲所以咪一人輸一半你班鹹濕仔唔係呀另一個係女??
[sosad]
[sosad]
[sosad]
#haha#dog
#haha#dog
#haha#lm2
#hehe#
#hehe#
#haha#lm2",1
"顯示更多我咁大個人淨係入過一次元朗入大西北真係會盪失路下次入?大西北 你唔會盪失路又大把人陪你總有機會同大家相見可能到睇住啦 6月我地係港島一定會見到大家到時疫情未完唔知有無遊行
#yo#lm2
#touch#dog
:~(",0
"顯示更多大西北我咁大個人淨係入過一次元朗入大西北真係會盪失路咁就要睇番我個po喇半行為po 覺得疫情阻礙抗爭？覺得無野可以做到？入！https://lih.kg/1941627- 分享自 LIHKG 討論區支持 真係要全民運動
#yup#
#yup#
#yup#
#yup#
#hehe#",1
#run#dog,0
"顯示更多我咁大個人淨係入過一次元朗入大西北真係會盪失路咁就要睇番我個po喇半行為po 覺得疫情阻礙抗爭？覺得無野可以做到？入！https://lih.kg/1941627- 分享自 LIHKG 討論區支持 真係要全民運動無錯！要全民勇武先要做到全民運動！無氣無力只會比狗禁住黎打
#hehe#
#kill2#",0
"顯示更多咁就要睇番我個po喇半行為po 覺得疫情阻礙抗爭？覺得無野可以做到？入！https://lih.kg/1941627- 分享自 LIHKG 討論區支持 真係要全民運動無錯！要全民勇武先要做到全民運動！無氣無力只會比狗禁住黎打其實心態都好緊要好多人?心態跟唔上
#hehe#
#kill2#",0
"顯示更多大西北我咁大個人淨係入過一次元朗入大西北真係會盪失路咁就要睇番我個po喇半行為po 覺得疫情阻礙抗爭？覺得無野可以做到？入！https://lih.kg/1941627- 分享自 LIHKG 討論區好為?可以屠狗我都去做運動
#yup#
#yup#
#yup#
#yup#
#hehe#
#kill#pig
#aura#lm2",0
"顯示更多支持 真係要全民運動無錯！要全民勇武先要做到全民運動！無氣無力只會比狗禁住黎打其實心態都好緊要好多人?心態跟唔上始終年少氣盛太衝動！無大台既壞處好多人都可以做到打仔，但係有勇有謀既有幾多睇得透既無乜幾多個睇得透個?講出黎又無乜影響力各有各意見做法要做到齊心協力，大小目標一致真係好難
#kill2#",0
"顯示更多我咁大個人淨係入過一次元朗入大西北真係會盪失路咁就要睇番我個po喇半行為po 覺得疫情阻礙抗爭？覺得無野可以做到？入！https://lih.kg/1941627- 分享自 LIHKG 討論區好為?可以屠狗我都去做運動如果你想home workout 可以比?program你
#hehe#
#kill#pig
#aura#lm2
#good#",1
推,1
"顯示更多無錯！要全民勇武先要做到全民運動！無氣無力只會比狗禁住黎打其實心態都好緊要好多人?心態跟唔上始終年少氣盛太衝動！無大台既壞處好多人都可以做到打仔，但係有勇有謀既有幾多睇得透既無乜幾多個睇得透個?講出黎又無乜影響力各有各意見做法要做到齊心協力，大小目標一致真係好難無大台?壞處其實好明顯但有影響力個D唔想俾人拉無影響力個D講出黎無人聽無辦法 因為香港人仲未真正去到魚死網破?地步
#kill2#",0
"顯示更多咁就要睇番我個po喇半行為po 覺得疫情阻礙抗爭？覺得無野可以做到？入！https://lih.kg/1941627- 分享自 LIHKG 討論區好為?可以屠狗我都去做運動如果你想home workout 可以比?program你咁專業我做唔做到?
#hehe#
#kill#pig
#aura#lm2
#good#
#haha#dog
#haha#dog",1
"顯示更多好為?可以屠狗我都去做運動如果你想home workout 可以比?program你咁專業我做唔做到?普通bodyweight exercise ！ 輕kan野做fit左先！
#kill#pig
#aura#lm2
#good#
#haha#dog
#haha#dog",1
"顯示更多其實心態都好緊要好多人?心態跟唔上始終年少氣盛太衝動！無大台既壞處好多人都可以做到打仔，但係有勇有謀既有幾多睇得透既無乜幾多個睇得透個?講出黎又無乜影響力各有各意見做法要做到齊心協力，大小目標一致真係好難無大台?壞處其實好明顯但有影響力個D唔想俾人拉無影響力個D講出黎無人聽無辦法 因為香港人仲未真正去到魚死網破?地步每次諗到依?位就好炆
[banghead]
[banghead]
[banghead]
[banghead]
[banghead]
[banghead]",0
"顯示更多始終年少氣盛太衝動！無大台既壞處好多人都可以做到打仔，但係有勇有謀既有幾多睇得透既無乜幾多個睇得透個?講出黎又無乜影響力各有各意見做法要做到齊心協力，大小目標一致真係好難無大台?壞處其實好明顯但有影響力個D唔想俾人拉無影響力個D講出黎無人聽無辦法 因為香港人仲未真正去到魚死網破?地步每次諗到依?位就好炆政府推23條之前一定會搞散哂我地打散現有?政治格局如果我地任由佢做野我地咁passive 諗定去邊個集中營啦中共唔會俾我地呢一代人生存落去
[banghead]
[banghead]
[banghead]
[banghead]
[banghead]
[banghead]",0
"顯示更多如果你想home workout 可以比?program你咁專業我做唔做到?普通bodyweight exercise ！ 輕kan野做fit左先！我唔肥?係 潺咋
#good#
#haha#dog
#haha#dog
#haha#dog",1
"顯示更多無大台?壞處其實好明顯但有影響力個D唔想俾人拉無影響力個D講出黎無人聽無辦法 因為香港人仲未真正去到魚死網破?地步每次諗到依?位就好炆政府推23條之前一定會搞散哂我地打散現有?政治格局如果我地任由佢做野我地咁passive 諗定去邊個集中營啦中共唔會俾我地呢一代人生存落去所以我地唔可以停落?街頭抗爭未做得住唔緊要每個人都要準備好自己萬一有咩e郁突發野爆出黎都可以反應到最基本文宣全民運動繼續撐黃圈
[banghead]
[banghead]
[banghead]
[banghead]
[banghead]
[banghead]",0
"顯示更多咁專業我做唔做到?普通bodyweight exercise ！ 輕kan野做fit左先！我唔肥?係 潺咋仲易！一星期可以做到幾多日？我建議起碼4日
#haha#dog
#haha#dog
#haha#dog",1
btw 我地收到兩位手足?捐款係呢個剛剛起步?階段有人相信我地 認同我地?做法我地真係萬二分感動 希望大家支持我地我地都會盡做所有野大家如果對我地?做法有咩唔信任或者唔明 可以提出問我地好多手足都有tg搵我地問?好多野 我地都一一解答另外所有收到?捐款用?去邊我地都會公佈返出黎希望各位手足都會成為監察我地?機制有冇tg channel？或者圖文簡單介紹整合下個計劃方便推廣？,0
"顯示更多每次諗到依?位就好炆政府推23條之前一定會搞散哂我地打散現有?政治格局如果我地任由佢做野我地咁passive 諗定去邊個集中營啦中共唔會俾我地呢一代人生存落去所以我地唔可以停落?街頭抗爭未做得住唔緊要每個人都要準備好自己萬一有咩e郁突發野爆出黎都可以反應到最基本文宣全民運動繼續撐黃圈我好相信文宣?力量文字?威力係好大好強立場蘋果呢D控制Marco?資訊流通我地獨立個體可以contribute係推動資訊流通呢part
[banghead]
[banghead]
[banghead]
[banghead]
[banghead]
[banghead]",0
btw 我地收到兩位手足?捐款係呢個剛剛起步?階段有人相信我地 認同我地?做法我地真係萬二分感動 希望大家支持我地我地都會盡做所有野大家如果對我地?做法有咩唔信任或者唔明 可以提出問我地好多手足都有tg搵我地問?好多野 我地都一一解答另外所有收到?捐款用?去邊我地都會公佈返出黎希望各位手足都會成為監察我地?機制有冇tg channel？或者圖文簡單介紹整合下個計劃方便推廣？暫時未有tg channel 因為我地唔係定期發放資訊出去唔太suit us整圖文簡介呢個會考慮下 多謝你意見手足,0
"顯示更多政府推23條之前一定會搞散哂我地打散現有?政治格局如果我地任由佢做野我地咁passive 諗定去邊個集中營啦中共唔會俾我地呢一代人生存落去所以我地唔可以停落?街頭抗爭未做得住唔緊要每個人都要準備好自己萬一有咩e郁突發野爆出黎都可以反應到最基本文宣全民運動繼續撐黃圈我好相信文宣?力量文字?威力係好大好強立場蘋果呢D控制Marco?資訊流通我地獨立個體可以contribute係推動資訊流通呢part我覺得現階段文宣既作用已經唔係改變對家立場要變既一早變左依家文宣既作用係提醒所有人抗爭未完結，無人忘記過所發生既野，警暴依然每日上演緊加埋最hot 既topic 23條，如果通過埋，香港就唔再係香港
xx(",0
"顯示更多普通bodyweight exercise ！ 輕kan野做fit左先！我唔肥?係 潺咋仲易！一星期可以做到幾多日？我建議起碼4日其實我日日都得閒不過我懶
#haha#dog
#think#lm2
#haha#dog",1
"顯示更多所以我地唔可以停落?街頭抗爭未做得住唔緊要每個人都要準備好自己萬一有咩e郁突發野爆出黎都可以反應到最基本文宣全民運動繼續撐黃圈我好相信文宣?力量文字?威力係好大好強立場蘋果呢D控制Marco?資訊流通我地獨立個體可以contribute係推動資訊流通呢part我覺得現階段文宣既作用已經唔係改變對家立場要變既一早變左依家文宣既作用係提醒所有人抗爭未完結，無人忘記過所發生既野，警暴依然每日上演緊加埋最hot 既topic 23條，如果通過埋，香港就唔再係香港鞏固我地有?人係好緊要特別係中立同淺黃同埋要motivate D人出黎
xx(",0
推,1
"推多謝手足支持 快D follow我地FB同IG 可以最快收到我地?資訊
#touch#lm2",1
:):),1
"顯示更多我好相信文宣?力量文字?威力係好大好強立場蘋果呢D控制Marco?資訊流通我地獨立個體可以contribute係推動資訊流通呢part我覺得現階段文宣既作用已經唔係改變對家立場要變既一早變左依家文宣既作用係提醒所有人抗爭未完結，無人忘記過所發生既野，警暴依然每日上演緊加埋最hot 既topic 23條，如果通過埋，香港就唔再係香港鞏固我地有?人係好緊要特別係中立同淺黃同埋要motivate D人出黎Motivate 番之前熱血個堆！黑狗的而且確嚇怕左好多人！
xx(",0
"顯示更多我唔肥?係 潺咋仲易！一星期可以做到幾多日？我建議起碼4日其實我日日都得閒不過我懶做個運動用你30分鐘
#haha#dog
#think#lm2
#haha#dog
#kill2#",0
"顯示更多我覺得現階段文宣既作用已經唔係改變對家立場要變既一早變左依家文宣既作用係提醒所有人抗爭未完結，無人忘記過所發生既野，警暴依然每日上演緊加埋最hot 既topic 23條，如果通過埋，香港就唔再係香港鞏固我地有?人係好緊要特別係中立同淺黃同埋要motivate D人出黎Motivate 番之前熱血個堆！黑狗的而且確嚇怕左好多人！最緊要係 23條呀成日都見佢擺街聽到何妖 正撚樣 同 kol100?聲又好多人都去簽名
xx(
#xx(#lm2
xx(",0
"顯示更多鞏固我地有?人係好緊要特別係中立同淺黃同埋要motivate D人出黎Motivate 番之前熱血個堆！黑狗的而且確嚇怕左好多人！最緊要係 23條呀成日都見佢擺街聽到何妖 正撚樣 同 kol100?聲又好多人都去簽名真 個個weekend都見D人擺街叫人簽23條全部都係D講唔正廣東話?人
#xx(#lm2
xx(",0
推！,1
Pish,1
"顯示更多仲易！一星期可以做到幾多日？我建議起碼4日其實我日日都得閒不過我懶做個運動用你30分鐘我上星期有做呀連續做?三日啊每日跑39分鐘我快過popo?
#think#lm2
#haha#dog
#kill2#
#haha#dog
#run#dog",0
好好奇,1
"顯示更多其實我日日都得閒不過我懶做個運動用你30分鐘我上星期有做呀連續做?三日啊每日跑39分鐘我快過popo?同你賭個絲打之後仲有無contact
#think#lm2
#haha#dog
#kill2#
#haha#dog
#run#dog
#hehe#
#hehe#",1
"推！多謝手足支持 快D follow我地FB同IG 可以最快收到我地?資訊
#touch#lm2",1
"Pish多謝手足支持 快D follow我地FB同IG 可以最快收到我地?資訊
#touch#lm2",1
我地有篇文係講學生坐完監出黎條路會有幾難行配合返我地個十年助學計劃希望大家睇下https://www.swallowlife.org/post/%E5%90%8C%E4%BC%B4%E5%80%91%E5%8F%97%E5%88%91%E5%BE%8C%E9%87%8D%E8%BF%94%E6%A0%A1%E5%9C%92%E6%9C%89%E5%B9%BE%E9%9B%A3%EF%BC%9F好文 推呀,1
"顯示更多一定要大學生呀有冇係新界區度做啊其實唔一定 如果唔夠人做又有資金 都想盡做最大問題係唔夠資金新界係我地大本營 多數都係新東? 香港太細
#???#lm2
[flowerface]",1
HI 呢D post就推唔郁 D無聊post就成個熱門都係我都覺得好奇怪,0
"顯示更多做個運動用你30分鐘我上星期有做呀連續做?三日啊每日跑39分鐘我快過popo?同你賭個絲打之後仲有無contact有日日都有同佢傾計?佢成日叫我小朋友?又叫我dee dee
#kill2#
#haha#dog
#run#dog
#hehe#
#hehe#
#haha#dog",1
#drum#pig#drum#pig#drum#pig,0
"我地有篇文係講學生坐完監出黎條路會有幾難行配合返我地個十年助學計劃希望大家睇下https://www.swallowlife.org/post/%E5%90%8C%E4%BC%B4%E5%80%91%E5%8F%97%E5%88%91%E5%BE%8C%E9%87%8D%E8%BF%94%E6%A0%A1%E5%9C%92%E6%9C%89%E5%B9%BE%E9%9B%A3%EF%BC%9F好文 推呀多謝手足支持 快D follow我地FB同IG 可以最快收到我地?資訊手足可以幫手spread out篇文講幫更生人士重返校園無人夠我地有經驗無論係無年收政府幾千萬?善導會定係csd?更生事務組佢地都無著重過呢樣野
#touch#lm2",1
"顯示更多我上星期有做呀連續做?三日啊每日跑39分鐘我快過popo?同你賭個絲打之後仲有無contact有日日都有同佢傾計?佢成日叫我小朋友?又叫我dee dee精神
#haha#dog
#run#dog
#hehe#
#hehe#
#haha#dog
#hehe#
#hehe#
#hehe#
#hehe#
#hehe#",1
"顯示更多同你賭個絲打之後仲有無contact有日日都有同佢傾計?佢成日叫我小朋友?又叫我dee dee精神冇機會人地都唔想拍拖
#hehe#
#hehe#
#haha#dog
#hehe#
#hehe#
#hehe#
#hehe#
#hehe#
#haha#dog
#haha#dog",1
"點解會變?吹水post....想捐但都想望?你?之前?作品
#cn#",1
推,1
"點解會變?吹水post....想捐但都想望?你?之前?作品因為實在推唔起 而且我地唔係想推一推起 就沉只要一日我地仲做緊野就一日都會推我地唔單止係想大家支持我地?工作更加想通過教識大家點樣systematically去做文宣去支持大家同朋友落手做我地以前?作品sorry俾唔到你睇我地用詞要比較小心 唔想因為咁而俾人入我地影左D係街見到?文宣作品可以上我地個網睇返多謝手足支持
#cn#",1
"點解會變?吹水post....想捐但都想望?你?之前?作品因為推極都推唔起所以想試? 一齊吹水 會唔會上到熱門
#cn#
#upset#dog",0
"點解會變?吹水post....想捐但都想望?你?之前?作品因為推極都推唔起所以想試? 一齊吹水 會唔會上到熱門大家一齊吹下水交流下心得當識多個朋友可能有一日驗證到大家唔係鬼會成為好基友
#cn#
#upset#dog
#diu#lm2",0
推,1
"點解會變?吹水post....想捐但都想望?你?之前?作品因為推極都推唔起所以想試? 一齊吹水 會唔會上到熱門大家一齊吹下水交流下心得當識多個朋友可能有一日驗證到大家唔係鬼會成為好基友好基友
#cn#
#upset#dog
#diu#lm2
#hehe#
#hehe#
#hehe#",1
"推多謝手足支持 快D follow我地FB同IG 可以最快收到我地?資訊Instagram：https://www.instagram.com/swallowlifehk/Facebook：https://www.facebook.com/%E7%87%95%E5%AD%90%E7%94%9F%E5%91%BD-Swallow-Life-114575180180030都可以上我地網站睇返我地寫?文了解我地理念同伴們受刑後重返校園有幾難？：https://www.swallowlife.org/post/%E5%90%8C%E4%BC%B4%E5%80%91%E5%8F%97%E5%88%91%E5%BE%8C%E9%87%8D%E8%BF%94%E6%A0%A1%E5%9C%92%E6%9C%89%E5%B9%BE%E9%9B%A3%EF%BC%9F文宣對延續抗爭的重要性 1.0：https://www.swallowlife.org/post/%E6%96%87%E5%AE%A3%E5%B0%8D%E5%BB%B6%E7%BA%8C%E6%8A%97%E7%88%AD%E7%9A%84%E9%87%8D%E8%A6%81%E6%80%A7-1-0
#touch#lm2",1
#kill#lm2,0
#lick#lm2#lick#lm2#lick#lm2,1
push,1
"push多謝手足支持 快D follow我地FB同IG 可以最快收到我地?資訊Instagram：https://www.instagram.com/swallowlifehk/Facebook：https://bit.ly/33OkrXn都可以上我地網站睇返我地寫?文了解我地理念同伴們受刑後重返校園有幾難？：https://bit.ly/2UqRb61文宣對延續抗爭的重要性 1.0：https://bit.ly/2QP9CPo
#touch#lm2",1
#diu#lm2#diu#lm2#diu#lm2,0
"顯示更多好基友?人見到我地講埋呢?野心諗你班人唔正路 走先
#hehe#
#hehe#
#hehe#
#lick#lm2
#lick#lm2
#lick#lm2
#diu#lm2
#diu#lm2
#diu#lm2",0
"顯示更多?人見到我地講埋呢?野心諗你班人唔正路 走先可能一齊討論呢
#lick#lm2
#lick#lm2
#lick#lm2
#diu#lm2
#diu#lm2
#diu#lm2
#hehe#",1
"顯示更多?人見到我地講埋呢?野心諗你班人唔正路 走先可能一齊討論呢嚇走哂D絲打好賤呀
#diu#lm2
#diu#lm2
#diu#lm2
#hehe#
#:)#dog
#:)#dog
#:)#dog",1
721 831,0
"我地乜都可以討論嫁加入我地 發展所長
#hehe#
:P",1
721 831101 1111,0
"721 831多謝手足支持 快D follow我地FB同IG 可以最快收到我地?資訊Instagram：https://www.instagram.com/swallowlifehk/Facebook：https://bit.ly/33OkrXn都可以上我地網站睇返我地寫?文了解我地理念同伴們受刑後重返校園有幾難？：https://bit.ly/2UqRb61文宣對延續抗爭的重要性 1.0：https://bit.ly/2QP9CPo
#touch#lm2",1
"顯示更多?人見到我地講埋呢?野心諗你班人唔正路 走先可能一齊討論呢手足係咪做？
#diu#lm2
#diu#lm2
#diu#lm2
#hehe#
#free#pig",1
"得我地三個係到圍爐
[sosad]",0
"721 831對好多人黎講呢D日子發生?野 好嬲會記一世但對於我地呢team人黎講周梓樂同陳彥霖?死先係最嬲
:~(",0
"顯示更多?人見到我地講埋呢?野心諗你班人唔正路 走先可能一齊討論呢嚇走哂D絲打好賤呀根據連登理論只有巴打 同 有棍絲
#hehe#
#:)#dog
#:)#dog
#:)#dog
#yo#lm2
#haha#dog",0
"721 831對好多人黎講呢D日子發生?野 好嬲會記一世但對於我地呢team人黎講周梓樂同陳彥霖?死先係最嬲因為你地係個頭
:~(
#???#",0
"顯示更多?人見到我地講埋呢?野心諗你班人唔正路 走先可能一齊討論呢手足係咪做？做咩先
#hehe#
#free#pig
#hehe#",1
#diu#lm2,0
"顯示更多可能一齊討論呢手足係咪做？做咩先操fit啊！唔操fit?點溝女點傳宗接代
#hehe#
#free#pig
#hehe#",1
"顯示更多可能一齊討論呢嚇走哂D絲打好賤呀根據連登理論只有巴打 同 有棍絲高登年代已經講緊 個陣就真係好少絲打依家連登都好多女user
#hehe#
#:)#dog
#:)#dog
#:)#dog
#yo#lm2
#haha#dog",1
"721 831對好多人黎講呢D日子發生?野 好嬲會記一世但對於我地呢team人黎講周梓樂同陳彥霖?死先係最嬲因為你地係個頭解釋唔到 就係覺得佢地好慘陳彥霖連老母都俾人掉埋落樓想搵人上支香俾佢地都無
:~(
#???#
:~(",0
岩岩捐左少少   幫推,1
"顯示更多對好多人黎講呢D日子發生?野 好嬲會記一世但對於我地呢team人黎講周梓樂同陳彥霖?死先係最嬲因為你地係個頭解釋唔到 就係覺得佢地好慘陳彥霖連老母都俾人掉埋落樓想搵人上支香俾佢地都無無錯真係好唔想?人忘記佢?係點樣比黑狗整死但係同時又唔想成日提住佢?比人覺得我?消費死者但係唔講?人又事不關己
:~(
#???#
:~(
[sosad]
#kill2#",0
#hoho#,1
"721 831對好多人黎講呢D日子發生?野 好嬲會記一世但對於我地呢team人黎講周梓樂同陳彥霖?死先係最嬲個個日子都要記一世
:~(
#hate#lm2",0
"岩岩捐左少少   幫推多謝手足支持 快D follow我地FB同IG 可以最快收到我地?資訊Instagram：https://www.instagram.com/swallowlifehk/Facebook：https://bit.ly/33OkrXn都可以上我地網站睇返我地寫?文了解我地理念同伴們受刑後重返校園有幾難？：https://bit.ly/2UqRb61文宣對延續抗爭的重要性 1.0：https://bit.ly/2QP9CPo
#touch#lm2",1
"顯示更多手足係咪做？做咩先操fit啊！唔操fit?點溝女點傳宗接代諗錯隔離添我應該點操都冇你?咁勁 有六舊腹肌我應該只可以 令自己冇咁潺
#free#pig
#hehe#
#haha#lm2
#haha#dog",1
push,1
puzh,1
"顯示更多做咩先操fit啊！唔操fit?點溝女點傳宗接代諗錯隔離添我應該點操都冇你?咁勁 有六舊腹肌我應該只可以 令自己冇咁潺唔係咁易架葉師傅要好有恆心我見我?fd戒口又剩我都係隊包薯片先以前個homie晚晚係到操我攤係床望住佢 加油
#hehe#
#haha#lm2
#haha#dog
[sosad]",0
"puzh多謝手足支持 快D follow我地FB同IG 可以最快收到我地?資訊Instagram：https://www.instagram.com/swallowlifehk/Facebook：https://bit.ly/33OkrXn都可以上我地網站睇返我地寫?文了解我地理念同伴們受刑後重返校園有幾難？：https://bit.ly/2UqRb61文宣對延續抗爭的重要性 1.0：https://bit.ly/2QP9CPo
#touch#lm2",1
"岩岩捐左少少   幫推多謝手足支持 快D follow我地FB同IG 可以最快收到我地?資訊Instagram：https://www.instagram.com/swallowlifehk/Facebook：https://bit.ly/33OkrXn都可以上我地網站睇返我地寫?文了解我地理念同伴們受刑後重返校園有幾難？：https://bit.ly/2UqRb61文宣對延續抗爭的重要性 1.0：https://bit.ly/2QP9CPodone. 加油
#touch#lm2",1
"捐??錢 加油
#wine#pig
#wine#pig",1
推,1
"捐??錢 加油多謝手足支持 快D follow我地FB同IG 可以最快收到我地?資訊Instagram：https://www.instagram.com/swallowlifehk/Facebook：https://bit.ly/33OkrXn都可以上我地網站睇返我地寫?文了解我地理念同伴們受刑後重返校園有幾難？：https://bit.ly/2UqRb61文宣對延續抗爭的重要性 1.0：https://bit.ly/2QP9CPo
#wine#pig
#wine#pig
#touch#lm2",1
"顯示更多操fit啊！唔操fit?點溝女點傳宗接代諗錯隔離添我應該點操都冇你?咁勁 有六舊腹肌我應該只可以 令自己冇咁潺唔係咁易架葉師傅要好有恆心我見我?fd戒口又剩我都係隊包薯片先以前個homie晚晚係到操我攤係床望住佢 加油算啦咁我做唔到?啦我有?食就食?先
#haha#lm2
#haha#dog
[sosad]
#haha#dog
#peanut#pig",1
好高興好多手足支持我地?理念同相信我地我地會努力係力之所及?範圍做好我地會一個一個區咁推落去做我地係希望可以教識更多?手足用我地?方法有效率安全咁做而經過我地帶領之後佢地可以有能力獨當一面一個拉一個咁發展一個長期可持續?社區文宣去對抗呢個極權同埋團結我地?陣營,1
#good#,1
"顯示更多諗錯隔離添我應該點操都冇你?咁勁 有六舊腹肌我應該只可以 令自己冇咁潺唔係咁易架葉師傅要好有恆心我見我?fd戒口又剩我都係隊包薯片先以前個homie晚晚係到操我攤係床望住佢 加油算啦咁我做唔到?啦我有?食就食?先拿！依套野普普通通，但係夠令你無咁潺堅持！堅持到一個月，我再比?新?你希望我?係到有幾耐推幾耐推到相見Burpee 1min Squat 4sets 12 repsPush up / knee push up 4 set 12 reps Planks 2 mins比?掙扎！every one starts from somewhere!!
#haha#lm2
#haha#dog
[sosad]
#haha#dog
#peanut#pig
#good#
#hoho#",1
YouTubehttps://youtu.be/mRwVQFrl89E9k likes???63K views???,0
堅持！,1
"好高興好多手足支持我地?理念同相信我地我地會努力係力之所及?範圍做好我地會一個一個區咁推落去做我地係希望可以教識更多?手足用我地?方法有效率安全咁做而經過我地帶領之後佢地可以有能力獨當一面一個拉一個咁發展一個長期可持續?社區文宣去對抗呢個極權同埋團結我地?陣營堅持！今晚落大雨 無街出
#hoho#",1
"顯示更多唔係咁易架葉師傅要好有恆心我見我?fd戒口又剩我都係隊包薯片先以前個homie晚晚係到操我攤係床望住佢 加油算啦咁我做唔到?啦我有?食就食?先拿！依套野普普通通，但係夠令你無咁潺堅持！堅持到一個月，我再比?新?你希望我?係到有幾耐推幾耐推到相見Burpee 1min Squat 4sets 12 repsPush up / knee push up 4 set 12 reps Planks 2 mins比?掙扎！every one starts from somewhere!!我想問?一條好白癡?問題中學?時候 做體式能 男女標準係有分別咁健身?方法有冇唔同?睇落唔難做希望做完唔會死呀
[sosad]
#haha#dog
#peanut#pig
#good#
#hoho#
#haha#dog
#touch#dog
#haha#dog",1
"好高興好多手足支持我地?理念同相信我地我地會努力係力之所及?範圍做好我地會一個一個區咁推落去做我地係希望可以教識更多?手足用我地?方法有效率安全咁做而經過我地帶領之後佢地可以有能力獨當一面一個拉一個咁發展一個長期可持續?社區文宣去對抗呢個極權同埋團結我地?陣營堅持！今晚落大雨 無街出希望在明天
#hoho#",1
"顯示更多堅持！今晚落大雨 無街出希望在明天你點知今天會好天?
#hoho#
#haha#dog",1
"顯示更多算啦咁我做唔到?啦我有?食就食?先拿！依套野普普通通，但係夠令你無咁潺堅持！堅持到一個月，我再比?新?你希望我?係到有幾耐推幾耐推到相見Burpee 1min Squat 4sets 12 repsPush up / knee push up 4 set 12 reps Planks 2 mins比?掙扎！every one starts from somewhere!!我想問?一條好白癡?問題中學?時候 做體式能 男女標準係有分別咁健身?方法有冇唔同?睇落唔難做希望做完唔會死呀無嫁！男女一樣！放心！不過有心理準備頭一星期會比較吃力！因為身體適應緊你比佢既訓練過左兩星期，應該會輕鬆好多！你唔嫌我煩我日日係到鞭策你
#haha#dog
#peanut#pig
#good#
#hoho#
#haha#dog
#touch#dog
#haha#dog
#whip#pig",1
"顯示更多今晚落大雨 無街出希望在明天你點知今天會好天?其實星期五六先去踢波會唔會比較高危？我多數揀平日踢
#hoho#
#haha#dog
O:-)
O:-)",1
推,1
"顯示更多拿！依套野普普通通，但係夠令你無咁潺堅持！堅持到一個月，我再比?新?你希望我?係到有幾耐推幾耐推到相見Burpee 1min Squat 4sets 12 repsPush up / knee push up 4 set 12 reps Planks 2 mins比?掙扎！every one starts from somewhere!!我想問?一條好白癡?問題中學?時候 做體式能 男女標準係有分別咁健身?方法有冇唔同?睇落唔難做希望做完唔會死呀無嫁！男女一樣！放心！不過有心理準備頭一星期會比較吃力！因為身體適應緊你比佢既訓練過左兩星期，應該會輕鬆好多！你唔嫌我煩我日日係到鞭策你主人巴你 咁有心整個訓練出?我一定會堅持?
#good#
#hoho#
#haha#dog
#touch#dog
#haha#dog
#whip#pig
#love#lm2
#aura#lm2",1
"顯示更多希望在明天你點知今天會好天?其實星期五六先去踢波會唔會比較高危？我多數揀平日踢球證眼中無分星期幾不過weekend 球迷會多?
#haha#dog
O:-)
O:-)",1
"推多謝手足支持 快D follow我地FB同IG 可以最快收到我地?資訊Instagram：https://www.instagram.com/swallowlifehk/Facebook：https://bit.ly/33OkrXn都可以上我地網站睇返我地寫?文了解我地理念同伴們受刑後重返校園有幾難？：https://bit.ly/2UqRb61文宣對延續抗爭的重要性 1.0：https://bit.ly/2QP9CPo
#touch#lm2",1
"顯示更多希望在明天你點知今天會好天?其實星期五六先去踢波會唔會比較高危？我多數揀平日踢自己一個去踢呀
#haha#dog
O:-)
O:-)
#think#lm2",1
#hoho#,1
#wine#pig,1
push,1
Push,1
"顯示更多我想問?一條好白癡?問題中學?時候 做體式能 男女標準係有分別咁健身?方法有冇唔同?睇落唔難做希望做完唔會死呀無嫁！男女一樣！放心！不過有心理準備頭一星期會比較吃力！因為身體適應緊你比佢既訓練過左兩星期，應該會輕鬆好多！你唔嫌我煩我日日係到鞭策你主人巴你 咁有心整個訓練出?我一定會堅持?一齊努力！
#haha#dog
#touch#dog
#haha#dog
#whip#pig
#love#lm2
#aura#lm2
#hoho#",1
"顯示更多你點知今天會好天?其實星期五六先去踢波會唔會比較高危？我多數揀平日踢球證眼中無分星期幾不過weekend 球迷會多?你岩！球迷多可以分工合作！嗌下口號揮下啦啦球舉下橫額
#haha#dog
O:-)
O:-)",1
"push多謝手足支持 快D follow我地FB同IG 可以最快收到我地?資訊Instagram：https://www.instagram.com/swallowlifehk/Facebook：https://bit.ly/33OkrXn都可以上我地網站睇返我地寫?文了解我地理念同伴們受刑後重返校園有幾難？：https://bit.ly/2UqRb61文宣對延續抗爭的重要性 1.0：https://bit.ly/2QP9CPo
#touch#lm2",1
"Push多謝手足支持 快D follow我地FB同IG 可以最快收到我地?資訊Instagram：https://www.instagram.com/swallowlifehk/Facebook：https://bit.ly/33OkrXn都可以上我地網站睇返我地寫?文了解我地理念同伴們受刑後重返校園有幾難？：https://bit.ly/2UqRb61文宣對延續抗爭的重要性 1.0：https://bit.ly/2QP9CPo
#touch#lm2",1
Push,1
"顯示更多其實星期五六先去踢波會唔會比較高危？我多數揀平日踢球證眼中無分星期幾不過weekend 球迷會多?你岩！球迷多可以分工合作！嗌下口號揮下啦啦球舉下橫額我地要努力支持仲勇武緊?兄弟琴晚又拉幾個唉
O:-)
O:-)",1
"顯示更多你點知今天會好天?其實星期五六先去踢波會唔會比較高危？我多數揀平日踢自己一個去踢呀我之前係！因為無朋友住大西北不過上次見到球證吹雞之後就有少少淆所以轉行玩貼紙
#haha#dog
O:-)
O:-)
#think#lm2
[sosad]",0
推,1
"顯示更多其實星期五六先去踢波會唔會比較高危？我多數揀平日踢自己一個去踢呀我之前係！因為無朋友住大西北不過上次見到球證吹雞之後就有少少淆所以轉行玩貼紙球證要俾紅牌你?無論你越位又好 踢腳又好 成個人飛身鏟埋去都係紅牌最緊要小心
O:-)
O:-)
#think#lm2
[sosad]",0
顯示更多球證眼中無分星期幾不過weekend 球迷會多?你岩！球迷多可以分工合作！嗌下口號揮下啦啦球舉下橫額我地要努力支持仲勇武緊?兄弟琴晚又拉幾個唉唉，搞地去球場真係要好小心足協依排得閒mon到實一實,0
"推多謝手足支持 快D follow我地FB同IG 可以最快收到我地?資訊Instagram：https://www.instagram.com/swallowlifehk/Facebook：https://bit.ly/33OkrXn都可以上我地網站睇返我地寫?文了解我地理念同伴們受刑後重返校園有幾難？：https://bit.ly/2UqRb61文宣對延續抗爭的重要性 1.0：https://bit.ly/2QP9CPo
#touch#lm2",1
顯示更多你岩！球迷多可以分工合作！嗌下口號揮下啦啦球舉下橫額我地要努力支持仲勇武緊?兄弟琴晚又拉幾個唉唉，搞地去球場真係要好小心足協依排得閒mon到實一實紅牌出場我地唔驚最驚係我地以後無得踢 無人搵到我地,1
"顯示更多自己一個去踢呀我之前係！因為無朋友住大西北不過上次見到球證吹雞之後就有少少淆所以轉行玩貼紙球證要俾紅牌你?無論你越位又好 踢腳又好 成個人飛身鏟埋去都係紅牌最緊要小心玩一人足球要快閃唔打前鋒，做後衛應該無咁淆場波快好多踢完
#think#lm2
[sosad]",0
顯示更多我地要努力支持仲勇武緊?兄弟琴晚又拉幾個唉唉，搞地去球場真係要好小心足協依排得閒mon到實一實紅牌出場我地唔驚最驚係我地以後無得踢 無人搵到我地衰鬼又講埋?衰野！,0
"顯示更多我之前係！因為無朋友住大西北不過上次見到球證吹雞之後就有少少淆所以轉行玩貼紙球證要俾紅牌你?無論你越位又好 踢腳又好 成個人飛身鏟埋去都係紅牌最緊要小心玩一人足球要快閃唔打前鋒，做後衛應該無咁淆場波快好多踢完依家仲有冇踢啊依幾排球證 捉得好嚴喎
[sosad]",0
顯示更多唉，搞地去球場真係要好小心足協依排得閒mon到實一實紅牌出場我地唔驚最驚係我地以後無得踢 無人搵到我地衰鬼又講埋?衰野！唯有自己小心?要黎?始終都要黎,0
push,1
顯示更多球證要俾紅牌你?無論你越位又好 踢腳又好 成個人飛身鏟埋去都係紅牌最緊要小心玩一人足球要快閃唔打前鋒，做後衛應該無咁淆場波快好多踢完依家仲有冇踢啊依幾排球證 捉得好嚴喎依排無！訂左?新波！等?波到就踢番！,0
顯示更多紅牌出場我地唔驚最驚係我地以後無得踢 無人搵到我地衰鬼又講埋?衰野！唯有自己小心?要黎?始終都要黎你?有系統係非常好！不過要有一個角色負責?你地系統中既漏洞&弱點不繼challenge 自己個系統先可以減低拎紅牌既風險！,0
顯示更多衰鬼又講埋?衰野！唯有自己小心?要黎?始終都要黎你?有系統係非常好！不過要有一個角色負責?你地系統中既漏洞&弱點不繼challenge 自己個系統先可以減低拎紅牌既風險！絕對會 我地都唔想教一套錯?野俾其他手足何況我地自己圍內?手足安全都非常非常重要,0
"顯示更多玩一人足球要快閃唔打前鋒，做後衛應該無咁淆場波快好多踢完依家仲有冇踢啊依幾排球證 捉得好嚴喎依排無！訂左?新波！等?波到就踢番！小心d呀唔想見到你紅牌出場呀
:-(",0
"我地依家?努力係為幾個月後?行動鋪路如果依家唔建立一套有效?文宣系統 到時就太遲
:-(",0
"我地依家?努力係為幾個月後?行動鋪路如果依家唔建立一套有效?文宣系統 到時就太遲有心唔怕遲我相信 遲? 你地個足球隊 一定會好多人港九新界 都會有你地?人
:-(
#touch#dog",0
"顯示更多唯有自己小心?要黎?始終都要黎你?有系統係非常好！不過要有一個角色負責?你地系統中既漏洞&弱點不繼challenge 自己個系統先可以減低拎紅牌既風險！絕對會 我地都唔想教一套錯?野俾其他手足何況我地自己圍內?手足安全都非常非常重要等緊你?黎大西北組隊打番場友誼波
#good#
#good#
#good#
#diu#lm2",0
"#kill#
#kill#
#kill#
#kill#",0
"顯示更多依家仲有冇踢啊依幾排球證 捉得好嚴喎依排無！訂左?新波！等?波到就踢番！小心d呀唔想見到你紅牌出場呀一定會！我個post都講過！臨落場踢前會諗定幾個方案點走位點射波點守龍！加上一人足球無顧慮，一直跑就是了！我都想大半年後同你?講我入到班
:-(
#yup#",1
"依個po需要你！唔好消息
#kill#
#kill#
#kill#
#kill#
#kill#",0
"我地依家?努力係為幾個月後?行動鋪路如果依家唔建立一套有效?文宣系統 到時就太遲有心唔怕遲我相信 遲? 你地個足球隊 一定會好多人港九新界 都會有你地?人唔好話係我地?人我地希望可以令手足們學有所成我地負責買波衫波鞋俾佢地
:-(
#touch#dog",0
行動post推,1
"我地依家?努力係為幾個月後?行動鋪路如果依家唔建立一套有效?文宣系統 到時就太遲有心唔怕遲我相信 遲? 你地個足球隊 一定會好多人港九新界 都會有你地?人無錯！不過都係安全第一！幾多手足落場幾多手足收隊哨哨哨
:-(
#touch#dog
#kill2#",0
"依個po需要你！唔好消息消失
#kill#
#kill#
#kill#
#kill#
#kill#
:o)",1
"行動post推多謝手足支持 快D follow我地FB同IG 可以最快收到我地?資訊Instagram：https://www.instagram.com/swallowlifehk/Facebook：https://bit.ly/33OkrXn都可以上我地網站睇返我地寫?文了解我地理念同伴們受刑後重返校園有幾難？：https://bit.ly/2UqRb61文宣對延續抗爭的重要性 1.0：https://bit.ly/2QP9CPo
#touch#lm2",0
Pish,1
#kill#lm2,0
"Pish多謝手足支持 快D follow我地FB同IG 可以最快收到我地?資訊Instagram：https://www.instagram.com/swallowlifehk/Facebook：https://bit.ly/33OkrXn都可以上我地網站睇返我地寫?文了解我地理念同伴們受刑後重返校園有幾難？：https://bit.ly/2UqRb61文宣對延續抗爭的重要性 1.0：https://bit.ly/2QP9CPo
#touch#lm2",0
"咁又一日！see you tomorrow la!!
#zzz#dog
#zzz#dog
#zzz#dog",0
"咁又一日！see you tomorrow la!! 早?快d休息啦
#zzz#dog
#zzz#dog
#zzz#dog
#yo#lm2
#touch#dog",0
"咁又一日！see you tomorrow la!! goodnight man
#zzz#dog
#zzz#dog
#zzz#dog",0
"咁又一日！see you tomorrow la!! goodnight man你又未訓?
#zzz#dog
#zzz#dog
#zzz#dog
#yo#lm2",0
[shocking],0
"有聯絡過no offense 大家做?方向唔同
[shocking]",0
"有聯絡過no offense 大家做?方向唔同你唔係要搵人製圖寫文翻譯？
[shocking]",0
"有聯絡過no offense 大家做?方向唔同你唔係要搵人製圖寫文翻譯？唔係呀手足 我地係落手做唔係創作術有專攻 大家要分工合作
[shocking]",0
"顯示更多有聯絡過no offense 大家做?方向唔同你唔係要搵人製圖寫文翻譯？唔係呀手足 我地係落手做唔係創作術有專攻 大家要分工合作手足你有?defensive平靜?先冇challenge你個做法，因為都唔知你想做乜不過以往文宣都係有人有idea想整做文宣就拋個idea出去畀文宣組手足咁解，所以諗住佢?幫到你
[sosad]
[sosad]",0
"推多謝手足支持 快D follow我地FB同IG 可以最快收到我地?資訊Instagram：https://www.instagram.com/swallowlifehk/Facebook：https://bit.ly/33OkrXn都可以上我地網站睇返我地寫?文了解我地理念同伴們受刑後重返校園有幾難？：https://bit.ly/2UqRb61文宣對延續抗爭的重要性 1.0：https://bit.ly/2QP9CPo你地有冇時間寫埋英文？香港家長有限，外國勢力都值得試
#touch#lm2",1
"顯示更多你唔係要搵人製圖寫文翻譯？唔係呀手足 我地係落手做唔係創作術有專攻 大家要分工合作手足你有?defensive平靜?先冇challenge你個做法，因為都唔知你想做乜不過以往文宣都係有人有idea想整做文宣就拋個idea出去畀文宣組手足咁解，所以諗住佢?幫到你解釋返清楚姐因為好多手足睇 好多位我地可能解釋得唔夠清楚想盡量講得?都講清楚?我地唔會involve落創作依家已經有好多手足做緊佢地做?作品都好貼緊大家想傳達?信息
[sosad]
[sosad]
#kill#lm2",0
"推多謝手足支持 快D follow我地FB同IG 可以最快收到我地?資訊Instagram：https://www.instagram.com/swallowlifehk/Facebook：https://bit.ly/33OkrXn都可以上我地網站睇返我地寫?文了解我地理念同伴們受刑後重返校園有幾難？：https://bit.ly/2UqRb61文宣對延續抗爭的重要性 1.0：https://bit.ly/2QP9CPo你地有冇時間寫埋英文？香港家長有限，外國勢力都值得試https://instagram.com/internationalfuckccp?igshid=kp5cay7j6979專攻國際既英文文宣
#touch#lm2",1
"顯示更多多謝手足支持 快D follow我地FB同IG 可以最快收到我地?資訊Instagram：https://www.instagram.com/swallowlifehk/Facebook：https://bit.ly/33OkrXn都可以上我地網站睇返我地寫?文了解我地理念同伴們受刑後重返校園有幾難？：https://bit.ly/2UqRb61文宣對延續抗爭的重要性 1.0：https://bit.ly/2QP9CPo你地有冇時間寫埋英文？香港家長有限，外國勢力都值得試https://instagram.com/internationalfuckccp?igshid=kp5cay7j6979專攻國際既英文文宣唔係要英文文宣，係要組織既介紹同籌錢proposal
#touch#lm2
:o)",1
"推多謝手足支持 快D follow我地FB同IG 可以最快收到我地?資訊Instagram：https://www.instagram.com/swallowlifehk/Facebook：https://bit.ly/33OkrXn都可以上我地網站睇返我地寫?文了解我地理念同伴們受刑後重返校園有幾難？：https://bit.ly/2UqRb61文宣對延續抗爭的重要性 1.0：https://bit.ly/2QP9CPo你地有冇時間寫埋英文？香港家長有限，外國勢力都值得試如果第時有咁?人力物力唔排除但我地依家專注做本地社區文宣
#touch#lm2
#yup#",1
#pointing#pig,1
#kill#lm2,0
推,1
Push,1
"顯示更多你地有冇時間寫埋英文？香港家長有限，外國勢力都值得試https://instagram.com/internationalfuckccp?igshid=kp5cay7j6979專攻國際既英文文宣唔係要英文文宣，係要組織既介紹同籌錢proposal多謝手足你?意見我地會認真考慮
:o)
#hoho#",1
推,1
#yo#lm2,1
#lick#lm2,1
推,1
#touch#lm2,1
Push,1
#sowhat#pig,0
Tui,1
#wine#pig,0
#:P#lm2,0
推,1
推死黑警!!!!,0
推,1
Push,1
推,1
#kill#lm2,0
#:P#lm2,1
推 快?like fb ig加油支持你地,1
#:)#lm2,1
"#kill#
#kill#
#kill#
#kill#",0
#kill#lm2,0
手足好有心推,1
#:P#lm2,1
番屋企睇睇,1
"屌手足唔洗訓
#:P#lm2
#kill#pig",0
#bye#lm2,1
"手足
#bye#lm2
#hoho#",1
#:P#lm2#:P#lm2,1
#:P#lm2,1
#diu#lm2,0
"希望早日有fps個?想捐都無paypal我有搞開?義賣
[sosad]",0
推,1
"希望早日有fps個?想捐都無paypal我有搞開?義賣多謝手足支持 我地可以用payme 了
[sosad]
#hoho#",1
"推多謝手足支持 快D follow我地FB同IG 可以最快收到我地?資訊Instagram：https://www.instagram.com/swallowlifehk/Facebook：https://bit.ly/33OkrXn都可以上我地網站睇返我地寫?文了解我地理念同伴們受刑後重返校園有幾難？：https://bit.ly/2UqRb61文宣對延續抗爭的重要性 1.0：https://bit.ly/2QP9CPo
#touch#lm2",1
推,1
"推多謝手足支持 快D follow我地FB同IG 可以最快收到我地?資訊Instagram：https://www.instagram.com/swallowlifehk/Facebook：https://bit.ly/33OkrXn都可以上我地網站睇返我地寫?文了解我地理念同伴們受刑後重返校園有幾難？：https://bit.ly/2UqRb61文宣對延續抗爭的重要性 1.0：https://bit.ly/2QP9CPofollow 左
#touch#lm2
;-)",1
"推多謝手足支持 快D follow我地FB同IG 可以最快收到我地?資訊Instagram：https://www.instagram.com/swallowlifehk/Facebook：https://bit.ly/33OkrXn都可以上我地網站睇返我地寫?文了解我地理念同伴們受刑後重返校園有幾難？：https://bit.ly/2UqRb61文宣對延續抗爭的重要性 1.0：https://bit.ly/2QP9CPofollow 左多謝支持
#touch#lm2
;-)
#hoho#",1
#hoho#,1
#hoho#,1
#hoho#,1
推,1
推,1
Idea 係幾好 文宣係要繼續做但你地話做左10年野 但網站 FB 全係都最近先新開？有興趣幫 但真係未聽過所以要了解多d,1
721 831,0
Idea 係幾好 文宣係要繼續做但你地話做左10年野 但網站 FB 全係都最近先新開？有興趣幫 但真係未聽過所以要了解多d首先多謝手足你?支持我地唔係做左十年野 係我地?成立係要做十年野我地?核心價值就係要當10年後如果有手足因為暴動或者其他罪出獄 仲會有人支持佢地俾協助佢地因為我地本身未有呢場運動之前就係做緊幫年輕更生人士讀返書 上asso上大學搵工 俾advice佢地 我地係呢方面都叫有經驗,1
"中學生得唔得
[sosad]",0
"中學生得唔得暫時prefer大學生或者大專生先 手足多謝你
[sosad]
#hoho#",1
大學生都好多輔警小心,0
"大學生都好多輔警小心多謝手足?提醒安全永遠都係我地最重視?野我地係得出黎唔怕俾人掉落樓希望真心願意幫手?手足都唔好介意一開始可能會有D offensive?行為大家都係想安全 呢大半年黎死左太多人
#:P#lm2",0
推,1
"推多謝手足支持 快D follow我地FB同IG 可以最快收到我地?資訊Instagram：https://www.instagram.com/swallowlifehk/Facebook：https://bit.ly/33OkrXn都可以上我地網站睇返我地寫?文了解我地理念同伴們受刑後重返校園有幾難？：https://bit.ly/2UqRb61文宣對延續抗爭的重要性 1.0：https://bit.ly/2QP9CPo
#touch#lm2",1
想加入見到你地既目標係十年呢個好感動想最後一個暴動罪出番黎都有人記得佢一定要堅持堅持！,0
推,1
"想加入見到你地既目標係十年呢個好感動想最後一個暴動罪出番黎都有人記得佢一定要堅持堅持！多謝手足支持 可以tg 聯絡我地先快D follow我地FB同IG 可以最快收到我地?資訊Instagram：https://www.instagram.com/swallowlifehk/Facebook：https://bit.ly/33OkrXn都可以上我地網站睇返我地寫?文了解我地理念同伴們受刑後重返校園有幾難？：https://bit.ly/2UqRb61文宣對延續抗爭的重要性 1.0：https://bit.ly/2QP9CPo
#touch#lm2",0
#hoho##hoho##hoho#,1
"#hoho#
#hoho#
#hoho#
#hoho#",1
"係咪到1001就會完
[sosad]",0
有冇得用其他方式捐，例如捐物資咁？,1
推,1
push,1
有冇得用其他方式捐，例如捐物資咁？我地都好需要物資呀可以TG我地多謝你支持手足,1
"開定第二個po啊樓豬
#yup#",1
"開定第二個po啊樓豬多謝手足你幫手推爆個po 仲有白花油巴打
#yup#
#hoho#
#hoho#
#hoho#
#hoho#
#hoho#",1
"屌手足唔洗訓要呀
#:P#lm2
#kill#pig
#haha#dog",1
#play#pig,1
push,1
推,1
"推多謝手足支持 快D follow我地FB同IG 可以最快收到我地?資訊Instagram：https://www.instagram.com/swallowlifehk/Facebook：https://bit.ly/33OkrXn都可以上我地網站睇返我地寫?文了解我地理念同伴們受刑後重返校園有幾難？：https://bit.ly/2UqRb61文宣對延續抗爭的重要性 1.0：https://bit.ly/2QP9CPo
#touch#lm2",1
"開定第二個po啊樓豬多謝手足你幫手推爆個po 仲有白花油巴打我p牌邊推得郁！盡人事姐！
#yup#
#hoho#
#hoho#
#hoho#
#hoho#
#hoho#
#cooking#pig",0
唉！越?越少人睇頭條新聞 有王喜驚訊今集都未夠十萬https://lih.kg/1946580- 分享自 LIHKG 討論區見到隔離個post下面好多屌樓主我好難相信個?人係手足黎。。。連登真係淪陷?身邊?人都係話唔好睇連登而唔係搶返個風向返黎 屌走?人大家?心態都係避得就避 唉,0
"屌手足唔洗訓要呀食個早餐Ji 30分鐘出?做exercise 啊
#:P#lm2
#kill#pig
#haha#dog
#whip#pig",1
"顯示更多屌手足唔洗訓要呀食個早餐Ji 30分鐘出?做exercise 啊咁早做我唔食早餐?
#kill#pig
#haha#dog
#whip#pig
#@_@#dog
#shocking#pig",1
"唉！越?越少人睇頭條新聞 有王喜驚訊今集都未夠十萬https://lih.kg/1946580- 分享自 LIHKG 討論區見到隔離個post下面好多屌樓主我好難相信個?人係手足黎。。。連登真係淪陷?身邊?人都係話唔好睇連登而唔係搶返個風向返黎 屌走?人大家?心態都係避得就避 唉所以上連登都要帶腦唔可以太認真對?5毛分化comment
[sosad]",0
"顯示更多要呀食個早餐Ji 30分鐘出?做exercise 啊咁早做我唔食早餐?點解唔食早餐？早餐好重要喎！
#haha#dog
#whip#pig
#@_@#dog
#shocking#pig",0
"唉！越?越少人睇頭條新聞 有王喜驚訊今集都未夠十萬https://lih.kg/1946580- 分享自 LIHKG 討論區見到隔離個post下面好多屌樓主我好難相信個?人係手足黎。。。連登真係淪陷?身邊?人都係話唔好睇連登而唔係搶返個風向返黎 屌走?人大家?心態都係避得就避 唉所以上連登都要帶腦唔可以太認真對?5毛分化comment連登愈黎愈少人睇我身邊好多朋友都刪?app
[sosad]",0
"顯示更多要呀食個早餐Ji 30分鐘出?做exercise 啊咁早做我唔食早餐?兩三點做啦 愈早做完愈多時間慢慢hea
#haha#dog
#whip#pig
#@_@#dog
#shocking#pig
#kill#
#yup#",1
"唉！越?越少人睇頭條新聞 有王喜驚訊今集都未夠十萬https://lih.kg/1946580- 分享自 LIHKG 討論區見到隔離個post下面好多屌樓主我好難相信個?人係手足黎。。。連登真係淪陷?身邊?人都係話唔好睇連登而唔係搶返個風向返黎 屌走?人大家?心態都係避得就避 唉所以上連登都要帶腦唔可以太認真對?5毛分化comment連登愈黎愈少人睇我身邊好多朋友都刪?app比對家入侵成功
[sosad]
:-(",0
"顯示更多所以上連登都要帶腦唔可以太認真對?5毛分化comment連登愈黎愈少人睇我身邊好多朋友都刪?app比對家入侵成功唉 大家唔係要放棄好似做文宣咁 俾人清走一次兩次清多兩次就唔再做
[sosad]
:-(",0
"顯示更多食個早餐Ji 30分鐘出?做exercise 啊咁早做我唔食早餐?點解唔食早餐？早餐好重要喎！由中學開始就冇食食完個肚 胃 會唔舒服
#whip#pig
#@_@#dog
#shocking#pig
#shocking#pig
#haha#dog",1
"顯示更多食個早餐Ji 30分鐘出?做exercise 啊咁早做我唔食早餐?兩三點做啦 愈早做完愈多時間慢慢hea係咪凌晨兩三點做呀
#whip#pig
#@_@#dog
#shocking#pig
#kill#
#yup#
#mock#pig",1
"幫推 唔好意思 借一借位和理非 手足 家長 學生都請入黎 tg 支足channelhttps://t.me/materials201920
#sowhat#pig
#sowhat#pig",0
O:-),1
"幫推 唔好意思 借一借位和理非 手足 家長 學生都請入黎 tg 支足channelhttps://t.me/materials201920支持手足 同路人要努力
#sowhat#pig
#sowhat#pig
#hoho#
#hoho#
#hoho#",1
"多謝手足支持 快D follow我地FB同IG 可以最快收到我地?資訊Instagram：https://www.instagram.com/swallowlifehk/Facebook：https://bit.ly/33OkrXn都可以上我地網站睇返我地寫?文了解我地理念同伴們受刑後重返校園有幾難？：https://bit.ly/2UqRb61文宣對延續抗爭的重要性 1.0：https://bit.ly/2QP9CPo
O:-)
#touch#lm2",1
#:P#lm2,0
#hoho#,1
#touch#dog,1
#:P#lm2,1
#diu#lm2,0
#lick#lm2,1
大家睇?最新?頭條新聞未,1
"睇?
#lick#lm2",1
#jable#lm2,1
"睇?見到片尾?片段睇到好嬲佢一彈721?片出黎就開始火起見到d popo所作所為講?野仆街?家鏟
#lick#lm2",0
#yup#,1
"顯示更多咁早做我唔食早餐?兩三點做啦 愈早做完愈多時間慢慢hea係咪凌晨兩三點做呀過多個鐘好做喇
#@_@#dog
#shocking#pig
#kill#
#yup#
#mock#pig
#kill#pig",0
"顯示更多連登愈黎愈少人睇我身邊好多朋友都刪?app比對家入侵成功唉 大家唔係要放棄好似做文宣咁 俾人清走一次兩次清多兩次就唔再做當然！不低頭不認命
:-(",0
"大家睇?最新?頭條新聞未未！晏少少睇！
[banghead]",0
O:-),1
"顯示更多比對家入侵成功唉 大家唔係要放棄好似做文宣咁 俾人清走一次兩次清多兩次就唔再做當然！不低頭不認命無?個種燒到埋身?感覺大家又放軟手腳
:-(",0
"睇?見到片尾?片段睇到好嬲佢一彈721?片出黎就開始火起見到d popo所作所為講?野仆街?家鏟一開頭抽得好正 又好笑之後出721 321 即刻好撚嬲321我去? 去完只有一個諗法就係黑警死全家
#lick#lm2
#:P#lm2
#yup#",1
"睇?見到片尾?片段睇到好嬲佢一彈721?片出黎就開始火起見到d popo所作所為講?野仆街?家鏟一開頭抽得好正 又好笑之後出721 321 即刻好撚嬲321我去? 去完只有一個諗法就係黑警死全家無野制衡到佢地先係重點佢地?權力無限咁擴大緊愈黎愈似大陸
#lick#lm2
#:P#lm2
#yup#
:-(",0
推,1
O:-),1
push,1
"顯示更多見到片尾?片段睇到好嬲佢一彈721?片出黎就開始火起見到d popo所作所為講?野仆街?家鏟一開頭抽得好正 又好笑之後出721 321 即刻好撚嬲321我去? 去完只有一個諗法就係黑警死全家無野制衡到佢地先係重點佢地?權力無限咁擴大緊愈黎愈似大陸係衰過大陸啊就算做?咩 都冇後果都有人popo 講大話 扭曲事實梗係會越?越過分啦
#:P#lm2
#yup#
:-(
#:-[#pig
#kill#pig",0
"希望早日有fps個?想捐都無paypal我有搞開?義賣多謝手足支持 我地可以用payme 了要捐既話要tg你？
[sosad]
#hoho#",1
推,1
推,1
"希望早日有fps個?想捐都無paypal我有搞開?義賣多謝手足支持 我地可以用payme 了要捐既話要tg你？唔洗呀手足 直接上我地個網禁捐款就可以揀paypal或者payme
[sosad]
#hoho#",1
"推多謝手足支持 快D follow我地FB同IG 可以最快收到我地?資訊Instagram：https://www.instagram.com/swallowlifehk/Facebook：https://bit.ly/33OkrXn都可以上我地網站睇返我地寫?文了解我地理念同伴們受刑後重返校園有幾難？：https://bit.ly/2UqRb61文宣對延續抗爭的重要性 1.0：https://bit.ly/2QP9CPo
#touch#lm2",0
#kill#,0
"開左第2個post要人要錢要資源！線下文宣全港大行動 重建文宣網絡 (2)- 分享自 LIHKG 討論區https://lih.kg/1947150多謝各位手足支持
:P",1
"推爆呢個
#kill#lm2",0
#lick#lm2,0
#sowhat#pig,0
#wine#pig,1
#bye#dog,1
#bye#pig,1
#touch#dog,1
#:)#lm2,1
#yo#lm2,1
#:P#lm2,1
#lick#lm2,1
1001,0
1002,0
#lick#lm2,1
"屌
#lick#lm2
[sosad]
[sosad]
[sosad]",0
推,1
"屌仲推得郁?喂
#lick#lm2
[sosad]
[sosad]
[sosad]
[sosad]",0
"屌仲推得郁?喂咁你想推邊個呀
#lick#lm2
[sosad]
[sosad]
[sosad]
[sosad]
#haha#dog",1
"推有無手足可以幫手做份關於反送中問卷（5分鐘左右）Thanks!!https://eduhk.au1.qualtrics.com/jfe/form/SV_3zbM0Jxm4eERWRf
#kill#
#kill#
#kill#
#kill#",0
"睇?見到片尾?片段睇到好嬲佢一彈721?片出黎就開始火起見到d popo所作所為講?野仆街?家鏟一開頭抽得好正 又好笑之後出721 321 即刻好撚嬲321我去? 去完只有一個諗法就係黑警死全家巴打咁我可能見過你
#lick#lm2
#:P#lm2
#yup#
??",1
顯示更多唉 大家唔係要放棄好似做文宣咁 俾人清走一次兩次清多兩次就唔再做當然！不低頭不認命無?個種燒到埋身?感覺大家又放軟手腳大家等23條殺到面前先會驚,0
"顯示更多屌仲推得郁?喂咁你想推邊個呀咁呀繼續呢個啦以為過左1001會停
[sosad]
[sosad]
[sosad]
[sosad]
#haha#dog
[sosad]
[sosad]",0
"推有無手足可以幫手做份關於反送中問卷（5分鐘左右）Thanks!!https://eduhk.au1.qualtrics.com/jfe/form/SV_3zbM0Jxm4eERWRf手足開唔到
#kill#
#kill#
#kill#
#kill#",0
"顯示更多見到片尾?片段睇到好嬲佢一彈721?片出黎就開始火起見到d popo所作所為講?野仆街?家鏟一開頭抽得好正 又好笑之後出721 321 即刻好撚嬲321我去? 去完只有一個諗法就係黑警死全家巴打咁我可能見過你有機會喎
#:P#lm2
#yup#
??
#:)#pig",1
"顯示更多一開頭抽得好正 又好笑之後出721 321 即刻好撚嬲321我去? 去完只有一個諗法就係黑警死全家巴打咁我可能見過你有機會喎個日真係好嬲好唔開心
#:P#lm2
#yup#
??
#:)#pig
[banghead]",0
"顯示更多巴打咁我可能見過你有機會喎個日真係好嬲好唔開心同你一樣心情
??
#:)#pig
[banghead]
#kill#pig",0
"推有無手足可以幫手做份關於反送中問卷（5分鐘左右）Thanks!!https://eduhk.au1.qualtrics.com/jfe/form/SV_3zbM0Jxm4eERWRf手足少少意見第一版?問題已經做唔到mutually exclusive同collectively exhaustive...
#kill#
#kill#
#kill#
#kill#",0
#hoho#,1
#kill#lm2,0
"推有無手足可以幫手做份關於反送中問卷（5分鐘左右）Thanks!!https://eduhk.au1.qualtrics.com/jfe/form/SV_3zbM0Jxm4eERWRf手足少少意見第一版?問題已經做唔到mutually exclusive同collectively exhaustive...https://t.me/hisccccle巴打如果唔介意?話 可唔可以講多少少
#kill#
#kill#
#kill#
#kill#
:O
:O",0
"依個手足個po 正皮仲多過我?依個[連儂牆] 以前係撕一貼十，依家係撕十貼一https://lih.kg/1946846- 分享自 LIHKG 討論區
[sosad]
[sosad]
[sosad]",0
"推有無手足可以幫手做份關於反送中問卷（5分鐘左右）Thanks!!https://eduhk.au1.qualtrics.com/jfe/form/SV_3zbM0Jxm4eERWRf手足開唔到手足呢家試多次唔該哂
#kill#
#kill#
#kill#
#kill#
#adore#
#adore#
#adore#",0
推#kill##kill##kill##kill#,0
"推有無手足可以幫手做份關於反送中問卷（5分鐘左右）Thanks!!https://eduhk.au1.qualtrics.com/jfe/form/SV_3zbM0Jxm4eERWRf手足開唔到手足呢家試多次唔該哂係咪我問題
#kill#
#kill#
#kill#
#kill#
#adore#
#adore#
#adore#

[sosad]",0
"推有無手足可以幫手做份關於反送中問卷（5分鐘左右）Thanks!!https://eduhk.au1.qualtrics.com/jfe/form/SV_3zbM0Jxm4eERWRf手足少少意見第一版?問題已經做唔到mutually exclusive同collectively exhaustive...https://t.me/hisccccle巴打如果唔介意?話 可唔可以講多少少https://www.cvent.com/en/blog/events/survey-response-design-mutually-exclusive-collectively-exhaustive-categories可以睇下佢個解釋例如個educational level我唔知係咪我英文差 以我理解undergrade係本科學位咁如果係毅進 high dip個D佢地揀咩employment個到我可以係full time student都可以有part time job
#kill#
#kill#
#kill#
#kill#
:O
:O",0
"依個手足個po 正皮仲多過我?依個[連儂牆] 以前係撕一貼十，依家係撕十貼一https://lih.kg/1946846- 分享自 LIHKG 討論區係連登個運算覺得我地唔正路 唔擺我地上熱門
[sosad]
[sosad]
[sosad]
[sosad]",0
推post,1
"推post多謝手足支持 快D follow我地FB同IG 可以最快收到我地?資訊Instagram：https://www.instagram.com/swallowlifehk/Facebook：https://bit.ly/33OkrXn都可以上我地網站睇返我地寫?文了解我地理念同伴們受刑後重返校園有幾難？：https://bit.ly/2UqRb61文宣對延續抗爭的重要性 1.0：https://bit.ly/2QP9CPo
#touch#lm2",0
"依個手足個po 正皮仲多過我?依個[連儂牆] 以前係撕一貼十，依家係撕十貼一https://lih.kg/1946846- 分享自 LIHKG 討論區係連登個運算覺得我地唔正路 唔擺我地上熱門係咪唔夠多人不停留言
[sosad]
[sosad]
[sosad]
[sosad]",0
"顯示更多手足開唔到手足呢家試多次唔該哂係咪我問題應該係我開到?
#adore#
#adore#
#adore#

[sosad]
#:)#dog
#haha#dog",1
"依個手足個po 正皮仲多過我?依個[連儂牆] 以前係撕一貼十，依家係撕十貼一https://lih.kg/1946846- 分享自 LIHKG 討論區係連登個運算覺得我地唔正路 唔擺我地上熱門係咪唔夠多人不停留言正路就係得我地3個keep住comment手足你又P牌
[sosad]
[sosad]
[sosad]
[sosad]
[sosad]",0
"顯示更多係連登個運算覺得我地唔正路 唔擺我地上熱門係咪唔夠多人不停留言正路就係得我地3個keep住comment手足你又P牌
[sosad]
[sosad]
[banghead]
[banghead]
[banghead]
[banghead]",0
推推,1
"顯示更多係咪唔夠多人不停留言正路就係得我地3個keep住comment手足你又P牌三個人?吹水post
[sosad]
[banghead]
[banghead]
[banghead]
[banghead]
#haha#dog",1
"顯示更多正路就係得我地3個keep住comment手足你又P牌三個人?吹水post好勁架喇無上過熱門有4百幾人like
[sosad]
[banghead]
[banghead]
[banghead]
[banghead]
#haha#dog",1
大家鐘意聽咩歌有無聽canton pop,1
"顯示更多正路就係得我地3個keep住comment手足你又P牌三個人?吹水post好似係咁會員推文注意事項當會員短時間大量連續推文時的回覆將失去推文效果，我們在此說明目前的推文規則。? 如在主題中最後 5 個回覆來自同一會員，該會員在該主題的回覆每小時只會有一次推文效果，直至另一位會員發表回覆。? 在時事台或站務台的主題除了上述限制之外，如最後 8 個回覆來自同一會員，則每天只會有一次推文效果。? 會員請勿互相以洗版形式推文，如對其他會員造成影響將會被作出懲處。
[sosad]
[banghead]
[banghead]
[banghead]
[banghead]
#haha#dog",0
推#kill##kill##kill##kill#,0
"顯示更多三個人?吹水post好勁架喇無上過熱門有4百幾人like好好?啦
[banghead]
[banghead]
[banghead]
[banghead]
#haha#dog
#good#lm2",1
"顯示更多三個人?吹水post好似係咁會員推文注意事項當會員短時間大量連續推文時的回覆將失去推文效果，我們在此說明目前的推文規則。? 如在主題中最後 5 個回覆來自同一會員，該會員在該主題的回覆每小時只會有一次推文效果，直至另一位會員發表回覆。? 在時事台或站務台的主題除了上述限制之外，如最後 8 個回覆來自同一會員，則每天只會有一次推文效果。? 會員請勿互相以洗版形式推文，如對其他會員造成影響將會被作出懲處。無辦法無人入黎
[banghead]
[banghead]
[banghead]
[banghead]
#haha#dog
[sosad]
[sosad]",0
"大家鐘意聽咩歌有無聽canton pop鍾意聽舊歌 日文歌有咩推介
#yo#lm2",1
"大家鐘意聽咩歌有無聽canton pop鍾意聽舊歌 日文歌有咩推介88varginaYouTubehttps://www.youtube.com/watch?v=_bkqP_BsOIM
#yo#lm2
#yup#",1
"顯示更多三個人?吹水post好似係咁會員推文注意事項當會員短時間大量連續推文時的回覆將失去推文效果，我們在此說明目前的推文規則。? 如在主題中最後 5 個回覆來自同一會員，該會員在該主題的回覆每小時只會有一次推文效果，直至另一位會員發表回覆。? 在時事台或站務台的主題除了上述限制之外，如最後 8 個回覆來自同一會員，則每天只會有一次推文效果。? 會員請勿互相以洗版形式推文，如對其他會員造成影響將會被作出懲處。無辦法無人入黎試下係其他post叫人入黎先
#haha#dog
[sosad]
[sosad]",0
推#kill##kill##kill#,0
"#kill#
#kill#
#kill#
#kill#
#kill#
#kill#
#kill#",0
"#dance2#pig
#dance2#pig
#dance2#pig
#dance2#pig
#dance2#pig
#dance2#pig
#dance2#pig",1
"同埋坦白講，雖然三個計劃都好值得支持，但始終要實行哂呢三個計劃，錢銀方面唔會係少數目，尤其係助學個方面，反而搵人搵資源做文宣就相對地容易。既然你話好易搵到你地，會唔會考慮私下搵一搵後生??手足（議員e.g Lester 甚至杜文澤）個?幫手做宣傳同endorse ?始終之前太多家長比?仆街呃錢......是咁的 助學呢個計劃我地一直有個行之有效?方案做緊 我地呢方面唔需要大家錢銀上支持 我地已經run?好幾年 只係將個重心轉去幫抗爭者我地依家主要r resource做文宣需要?錢銀少好多run左幾年...本身幫緊?咩人有往績reference嗎
#oh#",1
"#bye#
#kill#
#kill#
#kill#",0
"#drum#pig
#drum#pig
#drum#pig
#drum#pig",0
#oh##oh##oh#,1
"顯示更多好似係咁會員推文注意事項當會員短時間大量連續推文時的回覆將失去推文效果，我們在此說明目前的推文規則。? 如在主題中最後 5 個回覆來自同一會員，該會員在該主題的回覆每小時只會有一次推文效果，直至另一位會員發表回覆。? 在時事台或站務台的主題除了上述限制之外，如最後 8 個回覆來自同一會員，則每天只會有一次推文效果。? 會員請勿互相以洗版形式推文，如對其他會員造成影響將會被作出懲處。無辦法無人入黎試下係其他post叫人入黎先有keep住咁做
[sosad]
[sosad]
#hoho#",0
"手足
#kill#
#kill#
#kill#
#kill#
#kill#
#kill#
#kill#
#kill#
#kill#
#kill#
#kill#
#kill#",0
"同埋坦白講，雖然三個計劃都好值得支持，但始終要實行哂呢三個計劃，錢銀方面唔會係少數目，尤其係助學個方面，反而搵人搵資源做文宣就相對地容易。既然你話好易搵到你地，會唔會考慮私下搵一搵後生??手足（議員e.g Lester 甚至杜文澤）個?幫手做宣傳同endorse ?始終之前太多家長比?仆街呃錢......是咁的 助學呢個計劃我地一直有個行之有效?方案做緊 我地呢方面唔需要大家錢銀上支持 我地已經run?好幾年 只係將個重心轉去幫抗爭者我地依家主要r resource做文宣需要?錢銀少好多run左幾年...本身幫緊?咩人有往績reference嗎多謝手足你支持先如果大家覺得proof以前我地幫過咩人真係好重要?我地可以嘗試搵返D朋友仔由犯案到判刑到受刑?經驗再到出返黎讀書?點滴出D文但我地唔想大家focus係以前我地做?野只係想大家focus係我地教大家做?野同埋我地做緊?野我地教手足們做野個套方法唔會唔係假我地依家做緊?野都唔會係假
#oh#
#hoho#",1
"顯示更多無辦法無人入黎試下係其他post叫人入黎先有keep住咁做加油 我都係其他post cm叫人入黎
[sosad]
[sosad]
#hoho#
#hoho#
#hoho#
#hoho#",1
"#drum#pig
#drum#pig
#drum#pig
#drum#pig",0
"#drum#pig
#drum#pig
#drum#pig
#drum#pig
#yup#
#yup#
#yup#
#yup#",1
"顯示更多試下係其他post叫人入黎先有keep住咁做加油 我都係其他post cm叫人入黎多謝手足支持 大家努力見你學校份study都用呢場運動做背景小心學校有審查 識D朋友?professor口講無野 但俾好低分
#hoho#
#hoho#
#hoho#
#hoho#
#hoho#",1
"#run#dog
#run#dog
#run#dog
#run#dog",0
"大家鐘意聽咩歌有無聽canton pop鍾意聽舊歌 日文歌有咩推介88varginaYouTubehttps://www.youtube.com/watch?v=_bkqP_BsOIM睇封面以為日文歌首歌都幾正喎
#yo#lm2
#yup#
#haha#dog
#:P#lm2",1
"顯示更多有keep住咁做加油 我都係其他post cm叫人入黎多謝手足支持 大家努力見你學校份study都用呢場運動做背景小心學校有審查 識D朋友?professor口講無野 但俾好低分好彩我個 supervisor都係手足黎
#hoho#
#hoho#
#hoho#
#hoho#
#hoho#
#hoho#
#hoho#
#hoho#",1
#touch#dog,1
"大師兄 2師兄 歸位啦
#run#dog
#run#dog
#run#dog
#run#dog
^3^
^3^
^3^",1
"顯示更多加油 我都係其他post cm叫人入黎多謝手足支持 大家努力見你學校份study都用呢場運動做背景小心學校有審查 識D朋友?professor口講無野 但俾好低分好彩我個 supervisor都係手足黎
#hoho#
#hoho#
#hoho#
#hoho#
#hoho#
#hoho#
#hoho#
#hoho#
#hoho#
#hoho#
#hoho#",1
多謝各位手足支持但呢兩日都大雨到D球賽暫停哂,1
"#kill#
#kill#
#kill#
#kill#
#kill#",0
#:P#lm2,1
#jable#lm2,1
#lick#lm2,1
#kill#lm2,1
#love#lm2,1
#support#lm2,1
#yup##yup##yup#,1
#drum#pig#drum#pig#drum#pig,0
"#kill#
#kill#
#kill#
#kill#",0
"顯示更多加油 我都係其他post cm叫人入黎多謝手足支持 大家努力見你學校份study都用呢場運動做背景小心學校有審查 識D朋友?professor口講無野 但俾好低分好彩我個 supervisor都係手足黎
#hoho#
#hoho#
#hoho#
#hoho#
#hoho#
#hoho#
#hoho#
#hoho#lm2
#hoho#lm2
#hoho#lm2
#hoho#lm2",1
#kill##kill##kill#,0
"#kill#
#kill#
#kill#
#kill#",0
"#kill#
#kill#
#kill#
#kill#",0
"#kill#
#kill#
#kill#
#kill#",0
"#love#lm2
#love#lm2
#love#lm2
#love#lm2
#love#lm2",1
"大師兄 2師兄 歸位啦
#run#dog
#run#dog
#run#dog
#run#dog
^3^
^3^
^3^
[sosad]
[sosad]
[sosad]
[sosad]
[sosad]
[sosad]",0
push#hoho#,1
Push#kill##kill##kill#,0
"#kill#
#kill#
#kill#
#kill#",0
"#kill#
#kill#
#kill#
#kill#",0
Pish,1
"#kill#
#kill#
#kill#
#kill#
#kill#",0
#kill#lm2#kill#lm2#kill#lm2,0
#kill##kill##kill#,0
#kill##kill##kill#,0
"多謝手足支持 快D follow我地FB同IG 可以最快收到我地?資訊Instagram：https://www.instagram.com/swallowlifehk/Facebook：https://bit.ly/33OkrXn都可以上我地網站睇返我地寫?文了解我地理念同伴們受刑後重返校園有幾難？：https://bit.ly/2UqRb61文宣對延續抗爭的重要性 1.0：https://bit.ly/2QP9CPo
#kill#
#kill#
#kill#
#touch#lm2",0
多謝各位手足支持但呢兩日都大雨到D球賽暫停哂長命功夫長命做,1
推,1
"多謝各位手足支持但呢兩日都大雨到D球賽暫停哂長命功夫長命做遲一日做就係遲一日做時間無多架兄弟
:-(
:-(
:-(",0
"多謝各位手足支持但呢兩日都大雨到D球賽暫停哂長命功夫長命做遲一日做就係遲一日做時間無多架兄弟去?有蓋球場練波囉！落雨應該無咁多人睇場
:-(
:-(
:-(",0
"顯示更多長命功夫長命做遲一日做就係遲一日做時間無多架兄弟去?有蓋球場練波囉！落雨應該無咁多人睇場好多有蓋球場好撚多cam射住直播出去
:-(
:-(
:-(
[sosad]",0
"#dance2#pig
#dance2#pig
#dance2#pig
#dance2#pig
#dance2#pig
#dance2#pig
#dance2#pig
#dance2#pig",1
"#drum#pig
#drum#pig
#drum#pig
#drum#pig",0
"多謝各位手足支持
#yup#
#yup#
#yup#",1
#kill##kill##kill#,0
"顯示更多遲一日做就係遲一日做時間無多架兄弟去?有蓋球場練波囉！落雨應該無咁多人睇場好多有蓋球場好撚多cam射住直播出去下仲要直播出去。。。。
:-(
:-(
:-(
[sosad]",0
:),1
推,1
"顯示更多去?有蓋球場練波囉！落雨應該無咁多人睇場好多有蓋球場好撚多cam射住直播出去下仲要直播出去。。。。依家好多都直上cloud架喇
[sosad]",0
"顯示更多去?有蓋球場練波囉！落雨應該無咁多人睇場好多有蓋球場好撚多cam射住直播出去下仲要直播出去。。。。主巴 我做完啦超?啊 仲?過跑39分鐘呀
[sosad]
#haha#dog",1
"顯示更多好多有蓋球場好撚多cam射住直播出去下仲要直播出去。。。。主巴 我做完啦超?啊 仲?過跑39分鐘呀非常之好繼續努力
[sosad]
#haha#dog
#good#
#good#
#good#
#good#
#hoho#
#hoho#",1
"顯示更多好多有蓋球場好撚多cam射住直播出去下仲要直播出去。。。。依家好多都直上cloud架喇真係唔知去開無cam既地方踢你?平時有無去有cam既地方射兩球就走？
[sosad]
[sosad]
[banghead]",0
"顯示更多下仲要直播出去。。。。主巴 我做完啦超?啊 仲?過跑39分鐘呀非常之好繼續努力好似真係好辛苦咁
#haha#dog
#good#
#good#
#good#
#good#
#hoho#
#hoho#
[sosad]
[sosad]
[sosad]",0
"顯示更多下仲要直播出去。。。。依家好多都直上cloud架喇真係唔知去開無cam既地方踢你?平時有無去有cam既地方射兩球就走？避得都避啦
[sosad]
[banghead]",0
"顯示更多下仲要直播出去。。。。主巴 我做完啦超?啊 仲?過跑39分鐘呀非常之好繼續努力好?呀做完一星期後 會唔會做死我?
#haha#dog
#good#
#good#
#good#
#good#
#hoho#
#hoho#
#haha#dog
#haha#dog",1
"顯示更多主巴 我做完啦超?啊 仲?過跑39分鐘呀非常之好繼續努力好似真係好辛苦咁一齊做
#haha#dog
#good#
#good#
#good#
#good#
#hoho#
#hoho#
[sosad]
[sosad]
[sosad]
#hehe#",0
"互推[香港自救長文?搶米風潮下，都市如何應對糧農危機？https://lih.kg/1947388- 分享自 LIHKG 討論區
#yup#
#yup#",1
"顯示更多非常之好繼續努力好似真係好辛苦咁一齊做你要加油手足
#good#
#good#
#good#
#good#
#hoho#
#hoho#
[sosad]
[sosad]
[sosad]
#hehe#
#whip#pig
#whip#pig
#whip#pig
#whip#pig",1
"顯示更多好似真係好辛苦咁一齊做你要加油手足係咪太簡單呀叫主巴 整個難??俾你啦
[sosad]
[sosad]
[sosad]
#hehe#
#whip#pig
#whip#pig
#whip#pig
#whip#pig
#mock#pig
#hehe#",1
"顯示更多一齊做你要加油手足係咪太簡單呀叫主巴 整個難??俾你啦我都比較懶唔鐘意係屋企做workout 終於跑下步
#hehe#
#whip#pig
#whip#pig
#whip#pig
#whip#pig
#mock#pig
#hehe#
#touch#lm2",1
#play#pig #whip#pig,1
"顯示更多主巴 我做完啦超?啊 仲?過跑39分鐘呀非常之好繼續努力好?呀做完一星期後 會唔會做死我?唔會！信我！一星期後會輕鬆?
#haha#dog
#good#
#good#
#good#
#good#
#hoho#
#hoho#
#haha#dog
#haha#dog
#kill#",0
"顯示更多好似真係好辛苦咁一齊做你要加油手足一齊啦
[sosad]
[sosad]
[sosad]
#hehe#
#whip#pig
#whip#pig
#whip#pig
#whip#pig
#whip#pig
#whip#pig
#whip#pig
#whip#pig
#whip#pig
#whip#pig
#whip#pig
#whip#pig",1
"顯示更多依家好多都直上cloud架喇真係唔知去開無cam既地方踢你?平時有無去有cam既地方射兩球就走？避得都避啦好似元西個?地方無得避
[sosad]
[banghead]
[sosad]",0
推,1
推,1
"顯示更多非常之好繼續努力好?呀做完一星期後 會唔會做死我?唔會！信我！一星期後會輕鬆?好 信主巴 唔怕身體健康
#good#
#good#
#good#
#good#
#hoho#
#hoho#
#haha#dog
#haha#dog
#kill#
#aura#lm2
#haha#dog
#addoil#lme",1
推#kill##kill##kill#,0
"推多謝手足支持 快D follow我地FB同IG 可以最快收到我地?資訊Instagram：https://www.instagram.com/swallowlifehk/Facebook：https://bit.ly/33OkrXn都可以上我地網站睇返我地寫?文了解我地理念同伴們受刑後重返校園有幾難？：https://bit.ly/2UqRb61文宣對延續抗爭的重要性 1.0：https://bit.ly/2QP9CPo
#touch#lm2",1
"推多謝手足支持 快D follow我地FB同IG 可以最快收到我地?資訊Instagram：https://www.instagram.com/swallowlifehk/Facebook：https://bit.ly/33OkrXn都可以上我地網站睇返我地寫?文了解我地理念同伴們受刑後重返校園有幾難？：https://bit.ly/2UqRb61文宣對延續抗爭的重要性 1.0：https://bit.ly/2QP9CPo
#touch#lm2",1
#lick#lm2,1
#drum#pig#drum#pig#drum#pig,0
推#kill#,0
"顯示更多好?呀做完一星期後 會唔會做死我?唔會！信我！一星期後會輕鬆?好 信主巴 唔怕身體健康全民運動
#haha#dog
#haha#dog
#kill#
#aura#lm2
#haha#dog
#addoil#lme
#yup#
#yup#
#yup#",1
"顯示更多唔會！信我！一星期後會輕鬆?好 信主巴 唔怕身體健康全民運動年年有今日 yeah
#kill#
#aura#lm2
#haha#dog
#addoil#lme
#yup#
#yup#
#yup#",1
"顯示更多好 信主巴 唔怕身體健康全民運動年年有今日 yeah相信政府
#aura#lm2
#haha#dog
#addoil#lme
#yup#
#yup#
#yup#
#hoho#lm2",1
"顯示更多唔會！信我！一星期後會輕鬆?好 信主巴 唔怕身體健康全民運動全民勇武
#kill#
#aura#lm2
#haha#dog
#addoil#lme
#yup#
#yup#
#yup#
#kill#lm2",0
#lick#lm2,1
"顯示更多全民運動年年有今日 yeah相信政府信政府就仆街啦
#yup#
#yup#
#yup#
#hoho#lm2
#dislike#lm2",0
#kill##kill##kill#,0
推#kill##kill##kill##kill#,0
"顯示更多年年有今日 yeah相信政府信政府就仆街啦信政府唔怕  唔戴之後佢好似死?喎
#hoho#lm2
#dislike#lm2
#touch#dog
#think#lm2",0
"顯示更多相信政府信政府就仆街啦信政府唔怕  唔戴之後佢好似死?喎講姐?人不過驗證唔到
#hoho#lm2
#dislike#lm2
#touch#dog
#think#lm2",0
#hehe#pig#hehe#pig#hehe#pig,0
"顯示更多信政府就仆街啦信政府唔怕  唔戴之後佢好似死?喎講姐?人不過驗證唔到佢?唔死都冇用啦唔使浪費資源 浪費口罩
#dislike#lm2
#touch#dog
#think#lm2
#yo#lm2
#yo#lm2",1
#kill##kill##kill#,0
#play#pig #whip#pig,1
#fight1#dog #fight2#dog,0
#:P#lm2,1
"多謝手足支持 快D follow我地FB同IG 可以最快收到我地?資訊Instagram：https://www.instagram.com/swallowlifehk/Facebook：https://bit.ly/33OkrXn都可以上我地網站睇返我地寫?文了解我地理念同伴們受刑後重返校園有幾難？：https://bit.ly/2UqRb61文宣對延續抗爭的重要性 1.0：https://bit.ly/2QP9CPo
#kill#
#kill#
#kill#
#touch#lm2
#kill#
#kill#
#kill#
#kill#
#kill#
#kill#
#kill#",0
"顯示更多好 信主巴 唔怕身體健康全民運動全民勇武
#aura#lm2
#haha#dog
#addoil#lme
#yup#
#yup#
#yup#
#kill#lm2
[banghead]
[banghead]
[banghead]
[banghead]
[banghead]
[banghead]
[banghead]
[banghead]",0
"顯示更多信政府唔怕  唔戴之後佢好似死?喎講姐?人不過驗證唔到佢?唔死都冇用啦唔使浪費資源 浪費口罩因住俾人話涼薄
#touch#dog
#think#lm2
#yo#lm2
#yo#lm2
#drum#pig",0
"#kill#
#kill#
#kill#
#kill#",0
"顯示更多講姐?人不過驗證唔到佢?唔死都冇用啦唔使浪費資源 浪費口罩因住俾人話涼薄冇人會睇到?
#yo#lm2
#yo#lm2
#drum#pig
#:)#pig",1
:),1
"推多謝手足支持 快D follow我地FB同IG 可以最快收到我地?資訊Instagram：https://www.instagram.com/swallowlifehk/Facebook：https://bit.ly/33OkrXn都可以上我地網站睇返我地寫?文了解我地理念同伴們受刑後重返校園有幾難？：https://bit.ly/2UqRb61文宣對延續抗爭的重要性 1.0：https://bit.ly/2QP9CPoFollow 左
#touch#lm2
#yup#
#yup#
#yup#
#yup#
#yup#",0
唔知你?有冇睇過依段片https://streamable.com/hvg5u,0
樓主暫時有冇個目標要幾錢？有個金額好似易?叫人課,1
屠城,0
推,1
#kill#lm2,0
唔知你?有冇睇過依段片https://streamable.com/hvg5u屠城所以無新確診個案,1
:),1
樓主暫時有冇個目標要幾錢？有個金額好似易?叫人課其實無一個目標我地每次做野都會用錢好難話一次過籌幾多錢有幾多就用幾多咁做文宣用?錢話多唔多 話少都真係唔少同埋我地為?保護落手做野?手足會用?錢係其他地方 唔單單係印張紙出黎咁,1
#bang#lm2,0
"顯示更多屠城所以無新確診個案?支步槍入村真係勁
#bang#lm2
#good#",1
"#kill#
#kill#
#kill#
#kill#
#kill#",0
#kill##kill##kill#,0
#kill##kill##kill#,0
#kill##kill##kill#,0
#kill#lm2,0
#lick#lm2,1
"#kill#
#kill#
#kill#
#kill#",0
#drum#pig#drum#pig#drum#pig,0
#kill#lm2#kill#lm2#kill#lm2,0
#lick#lm2,1
"今日會唔會可以推到上500個正皮呢
#hoho#",1
推,1
"顯示 #1推多謝手足支持 快D follow我地FB同IG 可以最快收到我地?資訊Instagram：https://www.instagram.com/swallowlifehk/Facebook：https://bit.ly/33OkrXn
#touch#lm2",1
"#kill#
#kill#
#kill#
#kill#
#kill#",0
#lick#lm2,1
"#drum#pig
#drum#pig
#drum#pig
#drum#pig
#drum#pig",0
"就係咁喇手足
#yup#
#kill#
#kill#
#kill#
#kill#",0
"就係咁喇手足俾?掙扎 話時話依家係咪甩唔到p
#yup#
#kill#
#kill#
#kill#
#kill#",0
"就係咁喇手足我就係要呢?
#yup#
#kill#
#kill#
#kill#
#kill#
#yo#lm2",1
推,1
#hoho#,1
#lick#lm2,1
"就係咁喇手足俾?掙扎 話時話依家係咪甩唔到p係啊我屌
#yup#
#kill#
#kill#
#kill#
#kill#
[banghead]",0
"就係咁喇手足俾?掙扎 話時話依家係咪甩唔到p係啊我屌可能以後都會保留呢樣野紀念當初發生?事
#yup#
#kill#
#kill#
#kill#
#kill#
[banghead]",0
"顯示更多俾?掙扎 話時話依家係咪甩唔到p係啊我屌可能以後都會保留呢樣野紀念當初發生?事咁就碌撚不過無所謂既，無得推姐
[banghead]
xx(
[sosad]",0
"顯示更多係啊我屌可能以後都會保留呢樣野紀念當初發生?事咁就碌撚不過無所謂既，無得推姐除左推唔到post好似無咩影響
[banghead]
xx(
[sosad]",0
"顯示更多係啊我屌可能以後都會保留呢樣野紀念當初發生?事咁就碌撚不過無所謂既，無得推姐仲冇得比正負皮一日開得一個post
[banghead]
xx(
[sosad]
#haha#dog
#yo#lm2",1
#lick#lm2,1
想搞,1
推#kill##kill##kill##kill#,0
#touch#lm2,1
"推十萬人承諾不投反初選參選人https://lih.kg/1947509- 分享自 LIHKG 討論區
#kill#
#kill#",0
#lick#lm2,1
"顯示更多可能以後都會保留呢樣野紀念當初發生?事咁就碌撚不過無所謂既，無得推姐仲冇得比正負皮一日開得一個post原來有呢?limitation 咁少?好多interaction
xx(
[sosad]
#haha#dog
#yo#lm2",1
"想搞歡迎tg我地手足
#hoho#",1
"想搞歡迎tg我地手足加入你地？
#hoho#
[shocking]",0
"想搞歡迎tg我地手足加入你地？你想搞咩
#hoho#
[shocking]
[sosad]",0
"顯示更多歡迎tg我地手足加入你地？你想搞咩唔做犯法野
#hoho#
[shocking]
[sosad]
#yup#",1
"顯示更多加入你地？你想搞咩唔做犯法野 我地都唔做犯法野討論都唔會一陣俾人告我地煽惑
[shocking]
[sosad]
#yup#
#kill#",0
O:-),1
